,A83-1002.pdf.txt,D09-1016.pdf.txt,E91-1034.pdf.txt,J06-1006.pdf.txt
problems,24,0,1,2
proceedings,4,12,1,1
semantic,24,8,72,0
book,0,0,1,17
in,230,127,100,68
of,297,180,149,138
features,3,32,33,0
reviews,0,0,0,3
natural-language,4,0,0,0
the,728,408,190,199
and,247,150,40,99
introducing,0,0,1,5
interface,15,0,0,0
2009,0,2,0,0
selection,2,0,5,0
speech,0,0,2,34
to,292,131,35,87
conference,4,11,2,0
restrictions,0,0,6,0
dsms,1,0,0,0
on,34,67,14,26
elena,0,0,1,0
language,68,1,2,19
with,51,40,22,42
empirical,0,2,0,0
v,2,1,5,0
processing,8,3,2,15
examples,1,8,3,3
methods,1,3,0,8
paducheva,0,0,2,0
john,6,2,1,2
from,32,31,6,11
institute,0,0,1,0
coleman,0,0,0,16
eufid,57,0,0,0
natural,11,5,2,8
o,16,0,7,0
university,2,2,1,5
marjorie,1,0,0,0
f,55,38,7,0
templeton,3,0,0,0
scientific,0,0,1,0
oxford,0,0,0,1
pages,0,17,0,0
cambridge,1,1,0,2
burger,4,0,0,0
151–160,0,1,0,0
technical,1,1,1,0
system,68,25,5,2
singapore,0,1,0,0
information,19,21,6,1
press,1,1,0,1
development,14,1,0,0
6-7,0,1,0,0
corporation,4,0,0,0
august,3,6,0,0
introductions,0,0,0,1
santa,1,0,0,0
it,66,14,21,13
mortice,1,0,0,0
c©2009,0,1,0,0
i,85,47,21,4
california,2,0,0,0
acl,0,1,0,2
academy,0,0,1,0
abstract,1,1,1,0
linguistics,0,5,2,15
for,124,113,17,45
afnlp,0,1,0,0
2005,0,7,0,7
five,3,3,0,0
a,302,144,102,114
sciences,1,0,1,1
xi+301,0,0,0,1
years,2,0,0,3
unified,0,26,0,0
pp;,0,0,0,1
model,2,49,0,1
hardbound,0,0,0,1
end-user,3,0,0,0
isbn,0,0,0,2
friendly,4,0,0,0
phrasal,0,6,0,0
ussr,1,0,1,0
0-521-82365-x,0,0,0,1
125219,0,0,1,0
90,0,11,0,1
sentential,0,35,0,0
moscow,0,0,1,0
00;,0,0,0,1
data,53,32,0,3
evidence,0,9,0,0
usievicha,0,0,1,0
paperbound,0,0,0,1
management,20,0,0,0
20a,0,0,1,0
telefax,0,0,1,0
0-521-53069-5,0,0,0,1
pro-,1,2,0,0
extraction,0,28,0,1
z095,0,0,1,0
39,0,8,0,1
ject,1,0,0,0
siddharth,0,1,0,0
9430060,0,0,1,0
99,0,0,0,1
team,1,0,0,0
patwardhan,0,5,0,0
reviewed,1,0,0,1
at,11,7,6,10
one,21,11,7,3
by,49,31,14,21
ellen,0,1,0,0
mary,1,0,0,2
riloff,0,16,0,0
harper,0,0,0,4
corpora-,1,0,0,0
school,0,2,0,1
essential,1,0,2,0
purdue,0,0,0,5
tion,19,15,3,0
aspects,0,0,1,0
worked,1,1,0,0
computing,2,2,0,1
is,155,82,57,52
described,3,7,1,3
october,0,0,0,1
2003,0,5,0,3
design,16,0,0,0
utah,0,3,0,0
an,55,37,16,20
salt,0,1,0,0
expert,0,0,2,0
group,4,0,9,1
implementa-,1,0,0,0
lake,0,1,0,0
city,2,4,0,1
called,7,1,2,0
multidisciplinary,0,0,0,2
ut,0,1,0,0
lexicograpiter,0,0,1,0
researchers,1,0,1,2
84112,0,1,0,0
designed,6,4,2,0
convened,0,0,0,1
{sidd,0,1,0,0
riloff},0,1,0,0
supply,0,0,1,0
nli,37,0,0,0
cs,0,1,1,1
symposium,0,0,0,2
user,59,0,3,0
that,100,89,33,25
edu,0,1,0,1
next,2,4,0,7
was,16,9,3,0
diverse,0,0,1,0
generation,2,1,0,3
brformation,0,0,1,0
automatic,0,1,0,3
be,142,22,18,19
about,17,7,7,7
independent,6,2,0,0
ie,5,53,1,0
russian,1,0,3,0
recognition,0,2,0,7
systems,22,19,2,2
words,17,8,12,0
asr,0,0,0,7
both,10,12,1,2
h,6,6,8,1
extract,0,10,0,1
cluding,0,0,1,0
consider,0,3,0,1
application,37,0,0,0
role,0,27,3,0
bibliographic,0,0,2,0
new,28,7,0,2
fillers,0,10,0,0
hi,0,0,2,0
directions,0,1,0,1
forma-,0,0,1,0
database,111,0,6,0
events,1,7,0,0
building,2,0,0,3
typically,1,3,0,0
concemhrg,0,0,1,0
look,0,1,0,1
hrdividual,0,0,1,0
lexical,5,3,6,1
lee,0,1,0,2
this,55,40,21,17
entries,1,0,1,0
paper,3,3,2,0
local,1,20,0,0
tire,0,1,3,0
although,3,1,0,11
we,8,87,5,0
context,3,25,7,0
describe,3,5,0,0
surrounding,0,7,0,0
workshop’s,0,0,0,1
goal,1,2,0,4
natural-,15,0,0,0
phrase,0,17,0,0
when,18,6,4,0
“integrating,0,0,0,1
deciding,0,2,0,0
contahrs,0,0,1,0
multi-,1,2,0,1
whether,6,7,3,0
emantic,0,0,1,0
disciplinary,0,0,0,1
btfonnation,0,0,1,0
sources,0,0,0,5
involved,4,0,0,0
catmot,0,0,1,0
knowledge,9,1,1,7
of-,0,1,0,0
ten,3,1,0,0
elicited,0,0,1,0
acoustics,0,0,0,1
however,8,7,0,3
specific,4,9,0,0
existhrg,0,0,1,0
cognitive,0,0,0,1
refer-,1,0,0,0
occur,0,4,0,0
dictionaries,1,0,2,0
science,0,0,0,8
ence,2,1,0,0
signal,0,0,0,7
clauses,0,2,0,0
priority,0,0,1,0
human,0,13,0,4
are,90,44,15,30
given,4,3,4,2
computer,8,0,0,9
not,57,20,22,7
interaction,7,0,0,1
as,83,32,36,14
directly,0,1,0,0
linked,1,1,0,0
example,21,9,7,8
influenchtg,0,0,1,0
into,23,6,1,7
introduction,2,2,0,3
event,0,94,3,0
or,69,25,18,6
every,5,2,2,1
word,8,1,12,0
grammatical,0,0,4,0
stage,3,0,0,2
1976,5,0,0,0
co-occurrence,0,0,2,0
present,3,5,8,0
1981,1,0,5,0
pos-,1,0,1,0
component,0,2,8,1
sdc,4,0,0,0
sibilities,0,0,1,0
invo,1,0,0,0
discussed,2,3,1,12
design”,0,0,0,1
lved,2,0,0,0
predicting,0,0,2,0
selectional,0,0,2,0
important,3,1,1,5
deve,2,0,0,0
jointly,0,2,0,0
restric-,0,0,1,0
lopment,1,0,0,0
considers,0,1,0,0
tions,18,2,2,0
there,30,1,5,14
remains,0,1,0,1
basis,2,1,2,0
divide,0,0,1,4
among,1,1,1,2
around,0,4,0,0
these,19,25,3,3
communities,0,0,0,3
along,0,1,0,3
can,40,12,8,7
only,13,14,5,4
bz,0,0,1,0
wider,0,5,0,0
addressed,3,0,0,3
lexicon,0,0,3,0
through,3,2,0,6
natura,5,0,0,0
1,1,23,8,6
l,71,0,4,0
lex,0,0,2,0
educational,0,0,0,1
-,37,1,46,0
ical,2,1,1,0
process,3,1,1,3
proba-,0,1,0,0
inter-,8,1,0,0
bilistic,0,1,0,0
face,4,0,0,1
framework,2,8,0,0
our,4,56,4,0
approach,5,4,0,3
lexicograpller,0,0,1,0
uses,8,9,0,1
recognizer,0,38,0,0
inthe,0,0,1,0
represents,2,0,0,2
first,4,1,4,7
plausible,0,16,0,0
place,0,0,12,0
bold,0,0,0,1
role-filler,0,11,0,0
effort,2,0,0,1
purposes,4,0,2,0
educate,0,0,0,1
underlying,6,0,0,0
students,0,0,0,9
conditioned,0,3,0,0
dbms,45,0,0,0
sentences,0,20,1,0
\[temp79,1,0,0,0
work,5,13,1,1
some,23,10,7,7
temp80,1,0,0,0
evaluate,0,6,0,0
burg80,1,0,0,0
burg82\],1,0,0,0
project,1,0,1,0
two,15,27,6,4
being,3,3,1,0
used,33,17,4,11
conducted,0,0,1,0
permits,3,0,0,0
users,20,0,0,1
sets,2,12,0,0
communicate,1,0,0,0
show,1,5,0,0
including,1,1,1,4
nlp,0,0,3,3
e,17,16,21,6
performs,0,2,0,0
belorusova,0,0,1,0
well,4,2,2,3
s,44,21,5,0
krylov,0,0,2,0
english,17,0,1,0
comparison,0,1,0,1
rather,1,1,1,1
rakhilina,0,0,4,0
than,16,4,2,3
ex-,0,10,2,0
m,4,5,10,0
step,3,0,0,2
formal,8,0,0,2
isting,0,1,1,0
filipenko,0,0,1,0
query,51,0,0,0
forging,0,0,0,1
languages,2,0,1,0
effective,1,2,0,1
;,0,0,6,0
collaborations,0,0,0,1
rely,0,3,1,0
cf,0,0,14,0
assumed,1,0,0,0
paduchcva,0,0,1,0
1989,0,0,5,2
domain,6,2,0,0
consists,2,2,2,0
defined,8,2,0,3
states,1,0,0,1
basic,6,0,1,4
bounded,1,0,0,0
components,0,9,2,1
chapter,0,0,0,44
use,15,18,2,4
share,1,0,0,0
his,2,0,2,2
patterns,3,7,0,0
common,7,1,2,0
lbd,0,0,2,0
g,13,9,3,6
“this,0,0,0,1
soderland,0,3,0,0
address,2,0,0,0
et,1,9,0,0
al,5,11,1,0
bibliographical,0,0,1,0
applica-,4,0,0,0
1995,0,3,0,0
bbd,0,0,4,0
elementary,0,0,0,1
1996,0,5,0,0
yangarber,0,3,0,0
short,2,1,0,2
textbook,0,0,0,3
may,42,5,7,2
vocabulary,0,0,3,0
have,33,12,7,6
2000,0,4,0,4
presented,0,2,3,8
little,1,0,0,1
califf,0,3,0,0
experience,2,0,0,1
mooney,0,6,0,0
machine,3,8,1,2
computers,2,0,0,0
readable,0,0,1,0
form,2,1,3,1
dbmss,10,0,0,0
classifiers,0,10,0,0
beginners,0,0,0,1
but,21,16,4,3
consisting,0,0,1,0
competent,1,0,0,0
freitag,0,6,0,0
several,9,4,4,5
1998,0,6,0,0
domaines,0,0,1,0
no,23,2,3,7
previous,4,3,0,1
area,4,0,0,0
mccallum,0,2,0,0
usual,0,0,2,0
least,3,0,2,0
chieu,0,3,0,0
relational,10,1,1,0
programming”,0,0,0,1
three,8,7,0,3
page,0,0,0,3
broad,1,0,0,3
2,9,22,7,4
categories,1,0,0,0
bunescu,0,3,0,0
targets,0,3,0,1
issues,8,1,0,3
get,3,0,2,2
had,5,4,0,0
2004,0,6,0,0
morphology,1,0,1,0
syntactic,9,5,9,1
during,4,1,0,0
variety,0,2,1,3
prosody,0,0,1,0
disciplines,0,0,0,1
most,7,8,0,2
referential,0,0,1,0
arts,0,0,0,2
apparent,1,0,0,0
humanities,0,0,0,2
they,15,8,1,4
individual,1,1,2,0
psychology,0,0,0,1
iexical,0,0,1,0
immediate,0,4,0,0
items,3,0,2,0
any,15,2,1,3
general,7,3,1,1
early,3,1,1,1
included,0,0,2,0
engineering,2,0,0,3
must,34,2,6,0
who,9,2,2,1
want,0,1,0,1
tasks,0,2,0,0
category,1,0,0,0
such,38,8,8,3
glimpse,0,0,0,2
involves,8,1,0,0
named,3,2,1,0
entity,3,2,0,0
how,9,5,1,6
character,3,0,0,0
ize,1,0,0,0
\[,1,0,4,0
usually,1,1,3,0
+,0,0,4,0
since,5,3,0,1
requirements,2,0,0,0
sufficient,0,1,1,1
act,0,0,2,0
assumes,2,0,0,1
verb\],0,0,2,0
prior,0,4,0,2
human-machine,1,0,0,0
more,10,3,5,9
\[+,0,0,5,0
dialo-,1,0,0,0
complex,7,1,0,0
per-,1,3,1,0
gue,1,0,0,0
formative,0,0,1,0
capture,1,2,0,0
verb,1,2,12,0
text,5,8,1,4
infor-,2,1,1,0
motion\],0,0,1,0
likely,1,1,0,1
mation,2,1,2,0
larger,1,4,0,0
efficiently,1,0,0,0
field,10,1,4,0
formalize,1,0,0,0
kinship,0,0,1,0
less,3,4,0,1
view,8,1,0,0
term\],0,0,1,0
accessible,2,1,1,1
\]+part,0,0,1,0
often,2,6,2,0
traditional,0,1,0,1
needed,7,2,0,3
incorporate,1,4,0,0
body\],0,0,1,0
understand,4,1,0,0
\[+person,0,0,1,0
facts,0,4,1,1
opposed,0,1,2,0
coleman’s,0,0,0,4
tie,0,1,0,0
motivation,0,0,0,2
together,3,1,0,5
physical,0,0,1,0
writing,0,0,0,1
body,0,0,1,0
\],1,0,2,0
\[+parameter\],0,0,1,0
etc,0,0,6,0
all,25,11,7,1
identify,1,6,0,0
currently,2,0,0,2
available,2,1,0,4
major,5,0,0,0
textbooks,0,0,0,4
appear,2,3,0,0
dozen,0,0,1,0
arguments,0,2,2,0
programs,1,0,1,7
require,4,2,0,1
now,2,1,4,0
acquisition,1,1,0,0
verbs,2,3,13,0
existing,2,1,3,2
{ve,0,0,1,0
representa-,2,0,0,0
nouns,3,2,0,0
either,12,3,0,1
following,2,2,6,0
explicitly,1,3,0,0
options,0,0,1,0
many,19,8,2,6
via,1,5,0,0
relations,6,3,2,0
marking,0,0,1,0
background,1,1,0,2
bringing,3,0,0,1
would,15,5,0,11
up,8,3,0,2
implicitly,0,1,0,0
proximity,0,1,0,0
feature,0,4,30,0
requires,5,0,0,0
programming,2,0,0,3
extensive,2,0,0,0
murdered,0,1,0,0
tom,0,2,0,0
list,9,0,3,5
author,0,0,0,2
designers,1,0,0,0
words;,0,0,1,0
also,19,7,1,5
murder,0,1,0,0
astutely,0,0,0,1
coopera-,1,0,0,0
points,1,0,0,1
compiling,1,0,3,1
out,1,1,5,3
lists,1,0,4,1
representative,3,0,0,0
tends,0,1,0,1
set,16,18,4,4
possessing,0,0,1,0
end-,2,0,0,0
tools,1,1,0,3
between,14,4,2,4
could,15,9,0,7
areas,4,0,0,3
assist,3,0,0,1
do,7,6,2,0
automating,1,0,0,0
contain,5,4,1,0
named;,0,0,1,0
computational,1,6,2,9
requiring,0,1,0,0
badly,1,0,0,0
discourse,0,2,0,0
documents,0,17,2,0
containing,3,1,1,1
recent,0,2,0,1
second,5,3,1,1
deep,0,1,0,0
structural,3,1,0,0
analysis,9,1,3,5
ubiquity,0,0,0,1
lexeme,0,0,4,0
associate,0,1,0,0
statistical,0,1,0,1
modeling,0,0,0,3
techniques,2,2,0,4
learning,0,13,0,2
roles,0,6,0,0
assign,1,1,0,0
constituent,2,0,0,0
structure,18,0,1,2
interpretation,8,0,1,0
below,3,2,0,0
queries,10,0,0,0
seven,1,2,0,0
features;,0,0,1,0
becoming,0,0,0,1
using,8,17,1,6
people,2,9,0,0
much,3,3,1,1
robust,3,0,0,0
alphabetical,0,0,1,0
smaller,0,0,0,1
died,0,2,0,0
author’s,0,0,0,1
30,1,3,1,0
were,14,11,2,0
injured,0,1,0,0
fea-,0,1,2,1
low,3,3,0,0
tures,2,1,2,0
extension,1,0,0,0
india,0,1,0,0
mentioned,1,0,3,1
after,0,3,2,1
excellent,0,0,0,1
additional,2,2,0,7
terror-,0,1,0,0
“a,0,0,0,1
ists,0,1,1,0
bbd;,0,0,1,0
refusal,0,0,0,1
launched,0,3,0,0
sentence,5,31,7,0
let,0,0,0,1
types,6,8,0,3
attack,0,3,0,0
play,0,0,1,1
old,1,1,0,1
sociological,0,0,0,1
relationships,5,0,0,0
taj,0,1,0,0
hotel,0,1,1,0
mexico,0,1,0,0
dist,3,0,0,0
inguish,1,0,0,0
stand,0,0,0,1
its,5,8,9,6
catalog,0,0,1,0
assignment,1,0,0,0
representing,1,0,1,0
sub-,2,1,1,0
way,6,1,0,3
urbs,0,1,0,0
running,3,0,1,0
state,3,1,3,0
parsing,9,0,2,9
swine,0,1,0,0
wave,0,1,0,4
flu,0,1,0,0
outbreak,0,5,0,0
spoken,0,0,0,1
other,18,6,2,0
tractor-trailer,0,1,0,0
collided,0,1,0,0
foot,0,0,0,1
combine,1,0,0,0
bus,3,4,0,0
camps”,0,0,0,1
consti-,1,0,0,0
arkansas,0,1,0,0
tuent,1,0,0,0
4,9,20,3,2
bridges,0,3,0,1
destroyed,0,1,0,0
covers,1,0,0,1
baghdad,0,1,0,0
integrated,2,0,0,0
last,0,2,0,0
night,0,1,0,0
lexicographically,0,0,1,0
grammar,11,0,6,7
useful,1,0,3,1
third,3,1,0,0
resurgence,0,1,0,0
class,3,5,6,0
bomb,0,4,0,0
attacks,0,2,0,0
process-,0,0,0,2
ing,16,7,3,3
capital,0,1,0,0
contradistinction,0,0,1,0
actual,6,1,0,0
ly,33,0,2,0
perform,1,2,0,0
50,0,21,0,0
implementing,0,0,0,1
million,0,2,0,0
intent,2,0,0,0
damage,0,1,0,0
them,7,2,1,7
catalogs,0,0,1,0
caused,1,2,0,0
c,13,3,4,14
question,35,0,2,0
contains,9,1,3,6
hurricane,0,1,0,0
bibli-,0,0,1,0
prolog,0,0,0,12
formulating,1,0,0,0
ographic,0,0,1,0
hit,0,2,0,0
correct,6,1,0,0
miami,0,1,0,0
capitalizes,0,0,0,1
structured,3,0,0,0
friday,0,1,0,0
lexemes,0,0,1,0
insights,0,0,0,2
eff,1,0,0,0
make,6,9,1,0
ic,11,0,2,0
198,3,0,1,0
courses,0,0,0,1
iently,1,0,0,0
offered,0,0,0,3
navigat,1,0,0,0
modern,0,1,1,1
safer,0,1,0,0
graduate,0,0,0,1
will,10,7,4,4
12,0,1,2,0
500,0,0,1,0
comes,0,1,0,1
retrieve,5,0,0,0
constructed,2,1,0,0
morphological,0,0,1,0
right,1,1,1,0
companion,0,0,0,3
answer,13,26,2,0
year,1,1,1,0
istaken,0,0,1,0
cd,0,0,0,3
software,1,2,0,3
illustrate,0,1,0,0
diction-,0,0,1,0
thorough,1,0,0,0
ary,2,1,1,0
under-,4,0,0,0
zalizniak,0,0,1,0
compile,0,0,0,3
standing,2,0,0,0
phenomenon,0,1,0,0
1977,3,0,2,0
and/or,0,0,0,1
execute,0,0,0,2
where,11,13,4,1
appl,23,0,0,0
usual-,0,0,1,0
icat,10,0,0,0
stated,0,2,1,0
ion,41,0,1,0
filling,0,1,0,1
cannot,16,0,3,0
source,0,4,0,1
operations,3,0,0,1
code,2,0,0,8
found,3,0,1,2
func-,3,0,0,0
readers,0,2,0,0
implementations,0,0,0,2
supports,2,0,0,0
trou-,0,1,0,0
ble,0,2,0,0
according,0,0,2,0
readme,0,0,0,1
making,1,1,0,0
file,2,0,0,6
nature,2,2,0,0
u,1,2,5,0
inference,0,3,0,0
weinreich,0,0,4,0
volati,1,0,0,0
helpful,0,0,0,6
ty,9,0,0,0
above,2,2,0,0
installation,0,0,0,1
main,1,2,2,0
notes,0,0,0,3
subject,2,0,25,0
while,5,5,2,1
data-,10,0,0,0
base,17,0,0,0
obviously,1,0,1,0
describes,2,1,0,1
notion,0,1,4,0
reveal,0,1,0,0
each,27,19,0,3
related,5,3,0,1
associated,2,2,1,1
death,0,2,0,0
destruc-,0,1,0,0
deal,1,0,0,0
event-specific,0,1,0,0
name,13,0,1,0
volume,1,0,0,3
32,0,3,0,3
number,7,1,0,4
distr,2,0,0,0
i-,2,0,0,0
1967,1,0,1,0
buted,1,0,0,0
de-,0,2,0,1
comprehensive,0,0,0,2
throughout,1,0,0,0
struction,0,1,0,0
proposed,0,0,2,0
result,4,3,1,0
topics,1,0,0,2
distinc-,0,0,1,0
wide,1,2,0,0
covered,0,0,0,1
paradigmatic,0,0,1,0
“first,0,0,0,1
incident,4,4,0,0
principles,0,0,0,1
purpose,3,1,4,0
”,0,0,0,1
ap,0,0,1,0
provides,0,0,0,7
p,7,36,12,0
tails,0,0,0,1
fail,0,1,0,0
rox,0,0,1,0
imate,0,0,1,0
environment,0,0,0,1
componential,0,0,2,0
might,9,0,0,1
because,18,5,1,1
nalysis,0,0,1,0
bendix,0,0,2,0
1965,1,0,1,0
recognize,3,1,0,0
transfer,0,0,4,0
illus-,1,0,0,0
provided,0,0,0,5
trations,1,0,0,0
distinction,0,0,1,0
made,4,0,2,0
relevant,1,10,0,0
possible,4,0,8,0
section,6,13,0,0
listing,0,0,0,1
includes,2,0,0,0
type,4,4,0,1
brief,1,1,0,4
skills,0,0,0,1
review,1,0,0,0
need,5,3,0,1
looking,1,1,0,0
broader,0,1,1,0
started,1,0,0,1
overview,2,1,0,0
sense,1,0,1,1
propose,0,1,0,0
encourages,0,0,0,1
transformational,0,0,1,0
reader/student,0,0,0,1
tg,0,0,2,0
student,0,0,0,16
traction,0,3,0,0
henceforth,0,0,0,1
goals,4,0,0,0
incorporates,0,1,0,0
strictly,0,0,2,0
just,1,2,0,1
run,2,0,0,1
achieved,3,1,1,0
senten-,0,1,0,0
ones,0,0,1,0
tial,1,1,0,0
namely,0,0,3,0
four,3,3,0,0
discusses,1,2,0,5
detail,1,1,0,2
“tinker”,0,0,0,1
ome,1,0,1,0
uni-,0,2,0,0
fied,0,1,0,0
strict,0,0,1,0
order,3,0,1,5
probabilistic,0,9,0,6
categorization,0,1,1,0
gain,0,1,0,4
glacier,0,18,0,0
deeper,0,0,0,3
understanding,5,2,0,6
arose,1,0,0,0
take,2,1,1,0
suggests,1,1,0,0
part,5,2,1,1
guidelines,2,3,0,0
formulation,0,0,1,0
determining,2,0,0,0
lays,0,0,0,1
rules,8,2,1,1
weinreieh,0,0,1,0
appropriate,6,0,0,1
recognizing,0,1,0,0
conception,0,0,1,0
target,3,3,0,0
plausi-,0,1,0,0
graphically,0,0,0,1
ser-,0,0,1,0
ves,0,0,1,0
different,16,3,5,0
depict,0,0,0,1
ii,2,0,2,0
dependencies,0,1,0,1
over,2,3,0,1
offers,0,1,0,1
past,1,0,0,0
regarded,0,0,2,0
chapters,0,0,0,5
assessment,1,1,0,0
decades,1,0,0,0
addition,1,2,0,3
consid-,1,0,0,0
erable,1,0,0,0
sen-,0,7,2,0
amount,2,0,0,0
tence,0,5,1,0
agreement,0,2,4,0
discussing,0,4,0,1
has,32,4,9,1
gone,1,0,0,0
domain-relevant,0,2,0,0
known,0,1,1,0
appendix,0,0,0,1
pretty,0,0,2,0
ascii,0,0,0,1
151,0,1,0,0
girl,0,0,1,0
characters,0,0,0,1
vs,0,1,6,0
man;,0,0,1,0
glossary,0,0,0,1
developments,1,0,0,0
then,3,2,3,13
condi-,0,1,0,0
ago,0,0,2,0
tioned,0,1,1,0
references,1,1,1,2
house,0,0,5,0
phrases,2,7,0,0
ago;,0,0,1,0
before,1,3,3,0
index,3,0,0,1
breakfast,0,0,1,0
importantly,0,0,0,1
based,3,13,0,0
tech-,1,0,0,0
upon,0,3,2,2
niques,1,0,0,0
assumption,1,3,0,0
translation,2,0,0,0
website,0,0,0,2
194,0,0,1,0
errata,0,0,0,1
attempts,1,0,0,0
solutions,1,0,0,2
engl,1,0,0,0
dis-,1,5,0,0
explains,0,0,1,0
selected,0,0,0,2
ish-,1,0,0,0
cussing,0,1,0,0
deviant,0,0,3,0
exercises,0,0,0,16
bug,0,0,0,1
metaphorical,0,0,1,0
reports,1,0,0,1
answering,3,0,0,0
readings,0,0,1,8
updates,5,0,0,1
quest,11,0,0,0
grief,0,0,1,0
links,2,0,0,3
ion-answering,1,0,0,0
allows,5,3,0,0
experiments,1,2,0,0
third-party,0,0,0,1
wall,0,0,1,0
r,18,21,2,1
nice,0,0,0,4
3,11,28,8,1
bibliography,0,0,0,1
simmons,2,0,0,0
decisions,0,10,0,0
adds,1,0,1,0
presumably,0,0,0,1
\[simm65\],2,0,0,0
provisional,0,0,1,0
waltz,3,0,0,0
ontents,0,0,1,0
edited,1,0,0,1
updated,0,0,0,2
col,2,0,0,0
sur-,1,2,0,0
potentially,0,0,1,0
lect,2,0,0,0
rounding,0,2,0,0
ambiguous,2,0,1,0
time,12,1,3,2
overall,2,1,0,3
papers,1,0,1,2
organization,2,1,0,1
“peripheral,0,1,0,0
impose,0,0,1,0
vision”,0,1,0,0
afforded,0,1,0,0
quite,2,1,0,2
speaking,0,0,1,0
artificial,1,2,0,0
intel,2,0,0,0
under,3,0,3,0
begins,0,0,0,3
literal,0,0,2,0
igence,2,0,0,0
organized,2,1,0,0
preview,0,0,0,1
survey,2,0,0,1
follows,0,2,0,1
none;,0,0,1,0
thus,1,2,9,0
research,3,4,0,3
positions,0,1,0,0
key,0,12,0,1
\[walt77\],2,0,0,0
terms,0,0,0,2
allowing,0,0,2,1
vey,1,0,0,0
respect,2,3,0,0
hpeflx,0,0,1,0
nlis,4,0,0,0
opportunity,0,0,0,1
159,0,1,2,0
evaluation,1,9,0,1
presents,1,2,0,2
ho__uuse,0,0,1,0
definitions,0,0,0,1
inherent,0,0,1,0
beginning,0,1,0,1
their,4,4,1,2
applicabil-,1,0,0,0
\[-time\],0,0,1,0
read,0,0,0,3
ity,5,1,0,0
acquires,0,0,2,0
command,2,0,0,0
content,7,0,0,1
shows,0,6,1,0
control,4,0,0,1
experimental,0,2,0,0
ends,1,0,0,7
environments,1,0,0,0
results,0,19,0,0
\]+time\],0,0,1,0
summary,1,0,0,1
\[os179\],2,0,0,0
imposed,0,0,3,0
sec-,0,2,0,0
5,8,10,3,2
governing,0,0,1,0
few,5,0,0,1
occur;,0,0,1,0
developing,1,0,0,2
reached,1,0,0,0
future,0,2,0,0
com-,11,4,0,0
mercial,1,0,0,0
marketplace,1,0,0,0
materials,0,0,0,2
interpreted,7,0,2,0
contr,1,0,0,0
ibuted,3,0,0,0
heavily,0,3,0,0
suggestions,0,0,0,2
advancing,1,0,0,1
further,0,0,0,2
reading,0,0,0,3
art,1,0,0,0
somebody,0,0,1,0
perception,0,0,2,0
prepare,0,0,0,1
can-,0,1,0,0
didates,0,1,0,0
passing,0,0,1,0
discuss,0,2,0,3
red,1,0,1,0
extrac-,0,4,0,0
occurred,2,0,1,0
twice,0,0,1,0
9,2,1,2,3
converse,2,0,0,0
\[kellt1\],1,0,0,0
turn,1,0,0,1
1995;,0,2,0,0
syn-,1,0,0,0
beflhpefix,0,0,1,0
tactic,1,0,0,0
1996;,0,2,0,0
generate,6,7,0,2
surface-,1,0,0,0
2000;,0,2,0,1
digital,0,0,0,5
craft,0,0,2,0
representation,4,0,2,5
deep-structure,1,0,0,0
parsings,1,0,0,0
which,50,17,3,7
\[+aircraft\],0,0,1,0
represent,4,2,0,0
focus,0,1,0,4
transformation,1,0,1,0
trans-,0,0,1,0
contexts,0,5,0,0
fer,0,0,1,0
surround-,0,1,0,0
composition,0,0,0,1
produce,4,5,0,1
candidate,1,3,0,0
extractions,0,9,0,0
sound,0,0,0,6
similarly,1,2,0,0
bui,2,0,0,0
classifier-,0,1,0,0
lt-,1,0,0,0
fl_f,0,0,1,0
approaches,0,6,0,4
1998;,0,1,0,0
flew,0,0,1,0
written,6,0,0,1
mc-,0,1,0,0
loaded,1,0,0,1
callum,0,1,0,0
lisp,2,0,0,0
sound-,0,0,0,1
editing,0,0,0,3
ran,1,0,0,0
program,2,0,0,12
2003;,0,1,0,0
ibm,1,0,0,0
audio,0,0,0,1
37,1,2,0,0
display,0,0,0,1
groups,4,0,2,0
categorial,0,0,6,0
starts,0,0,0,1
1968,1,0,0,0
off,2,1,0,1
guiding,0,0,0,1
immedi-,0,1,0,0
ate,1,1,0,0
noun,1,14,2,0
understood,2,0,1,0
processors,1,0,0,0
listening,0,0,0,1
own,1,1,1,0
built,2,0,0,0
charac-,1,0,1,0
cosine,0,0,0,4
seeks,0,1,0,0
teristics,1,0,1,0
waveform,0,0,0,1
possibly,2,0,1,0
viewing,0,0,0,1
querying,1,0,0,0
property,0,0,1,0
same,13,8,0,1
separate,5,2,0,0
indeed,0,2,0,0
referents;,0,0,1,0
ladder,1,0,0,0
\[hend77\],2,0,0,0
shown,0,2,1,0
person\],0,0,2,0
cool,0,0,0,4
edit,0,0,0,4
access,11,0,0,0
global,0,3,0,0
large,8,1,0,0
place\],0,0,2,0
improve,0,3,0,0
databases,11,0,0,0
asked,4,1,0,3
man,0,1,1,0
formance,0,2,0,0
fill,1,0,0,3
implemented,3,0,0,0
maslennikov,0,2,0,0
correspondingly,0,0,2,0
interlisp,1,0,0,0
chua,0,2,0,0
tran-,0,0,1,0
worksheet,0,0,0,1
runs,4,0,0,0
2007,0,9,0,0
sitive,0,0,1,0
values,36,5,0,2
pdp-i,1,0,0,0
course,0,4,1,0
trees,2,2,0,0
function,3,3,0,1
predicate,1,0,3,0
plot,0,0,0,1
proper,4,0,0,0
pattern-based,0,5,0,0
confi-,1,1,0,0
ondition,0,0,1,0
guration,1,0,0,0
finkel,0,3,0,0
gram-,1,0,0,0
mar,2,0,0,0
like,4,1,0,0
ji,0,2,0,0
grish-,0,1,0,0
necessity,0,0,1,0
sampling,0,1,0,1
theory,1,1,3,1
2008,0,4,0,0
di,15,0,0,0
presence,0,1,2,0
ferent,15,0,0,0
utterance,0,0,1,0
en-,0,2,0,0
forcing,0,1,0,0
walked,0,0,0,1
label,0,3,1,0
consistency,0,1,0,0
generating,1,1,0,1
lunar,2,0,0,0
playing,0,0,0,4
rocks,1,0,0,0
doc-,0,2,0,0
ument,0,2,0,0
lsnlis,1,0,0,0
\[wood72\],2,0,0,0
across,1,3,0,1
emotional,0,0,1,0
contrast,0,3,0,0
t,45,3,3,0
just-in-time,0,0,0,1
ro,1,0,1,0
hope,0,0,1,0
augmented,1,0,0,0
simply,2,1,0,0
possess,0,0,3,0
transit,1,0,0,0
creates,0,1,0,0
network,7,0,0,0
richer,0,1,0,1
transitive,0,0,2,0
atn,3,0,0,0
wrl,1,0,0,0
necessarily,0,0,1,0
existent,0,0,1,0
comprehend,0,0,0,1
expanding,0,1,0,0
transformed,1,0,0,0
formally,1,1,0,0
“field,0,1,0,0
parsed,1,0,0,0
ques-,7,1,0,0
view”,0,1,0,0
coswave,0,0,0,2
include,2,3,0,0
various,2,0,0,6
representations,1,0,0,1
motion,0,0,2,0
first-order,1,0,0,0
bit,0,0,0,1
calculus,1,0,0,0
compilation,0,0,0,1
deductive,1,0,0,0
argument,0,0,3,0
against,1,0,0,0
pre-,1,3,0,0
categoriai,0,0,1,0
followed,0,0,0,6
built-,1,0,0,0
sented,0,1,0,0
discussion,0,0,0,24
phliqai,3,0,0,0
\[scha77\],2,0,0,0
somewhat,1,1,0,0
numeric,1,0,0,1
similar,4,6,1,0
parser,7,1,0,0
differences,1,1,0,1
ar-,0,0,0,1
chitecture,0,0,0,1
pass,1,0,0,0
employ,0,4,0,0
belong,0,0,1,0
passes,1,0,0,0
region,0,2,0,0
significant,0,0,1,0
identification,0,1,1,0
phase,0,1,0,0
resources,0,0,1,3
makes,2,3,2,2
having,2,3,2,0
concrete,0,0,0,1
mainly,2,0,1,0
equivalents,0,0,1,0
nvo,2,0,0,0
loops,0,0,0,1
w,5,3,0,0
dic-,2,0,1,0
arrays,3,0,0,1
tionaries,0,0,1,0
calculation,0,0,0,1
th,2,0,0,0
prob,2,0,0,0
adopted,0,2,0,0
mathematical,0,0,0,1
lems,6,0,0,0
expressions,1,1,0,1
pipeline,0,1,0,0
paradigm,0,1,0,0
nlpi,0,0,1,0
semant,3,0,1,0
layout,0,0,0,1
ics,2,0,0,0
classifier,0,18,0,0
listed,2,0,1,0
identifies,0,1,0,0
output,8,0,0,3
layers,2,0,0,0
constantly,0,0,1,0
those,1,4,0,0
fed,0,1,0,0
revealing,0,0,2,0
predicate-argument,0,0,1,0
module,12,1,0,0
very,10,3,1,6
detailed,0,1,0,1
algorithms,0,0,1,2
world,9,0,0,0
instructions,0,0,0,1
argu-,0,0,1,0
ment,6,0,1,0
executing,0,0,0,1
does,12,3,7,3
should,17,2,2,2
agree,0,1,1,0
draw,0,3,0,0
correspond,2,0,0,0
hard,0,4,0,0
roughly,1,0,0,0
line,0,6,0,0
predicted,0,1,2,0
rele-,0,3,0,0
generated,2,7,0,2
exter-,1,0,0,0
vant,0,3,0,0
nal,1,0,0,0
conceptual,4,1,0,0
irrelevant,0,2,0,0
internal,5,0,0,0
views,4,0,0,0
gently,0,2,0,0
balances,0,3,0,0
pointed,0,0,1,0
influence,0,5,0,0
descr,2,0,0,0
noted,0,1,0,1
ibed,1,0,0,0
anpecah,0,0,1,0
ed,0,0,2,0
j,12,2,2,0
date,8,1,0,0
\[date77\],3,0,0,0
261,0,0,1,0
probability,0,24,0,2
estimates,0,9,0,0
public-domain,0,0,0,1
cases,2,1,3,0
package,0,1,0,1
adequate,0,0,1,0
var,2,0,0,0
longer,0,0,0,1
iety,1,0,0,0
combines,0,2,0,0
onstruc-,0,0,1,0
struc-,2,0,0,0
relies,0,0,1,1
original,1,0,0,1
developers,1,0,0,1
alternatives,0,0,0,2
introduce,0,1,0,2
ofwords,0,0,1,0
programmed,1,0,0,0
text’s,0,0,0,1
language-based,1,0,0,0
web,0,0,0,2
enquiry,1,0,0,0
site,0,0,0,1
event-,0,1,0,0
planes,1,0,0,0
\[walt78\],2,0,0,0
substantial,0,0,1,0
wavesurfer,0,0,0,1
contribution,0,0,1,0
praat,0,0,0,1
instead,0,1,0,1
disambiguation,0,0,2,0
kinds,2,1,0,1
details,0,0,0,2
case,14,0,5,0
contextual,0,10,0,0
lexically,0,0,2,0
frame,1,1,0,0
homonymous,0,0,2,0
predic,0,0,1,0
-6,0,0,1,0
questions,18,0,0,2
create,1,5,0,0
frames,1,0,0,0
handle,7,0,0,0
help,5,2,1,1
pronominal,1,0,0,0
flexibility,0,1,0,0
challenges,0,0,0,1
choosing,0,0,1,0
el,3,0,1,0
opening,1,0,0,1
ipt,1,0,0,0
mean-,0,0,1,0
raw,0,0,0,1
reference,3,0,0,0
strong,0,2,0,1
files,3,0,0,1
predicate;,0,0,1,0
responses,2,1,0,0
lo-,0,1,0,0
clar,1,0,0,0
cal,1,3,0,0
_,1,0,2,0
introduces,0,0,0,3
fy,3,0,0,0
ia,4,0,0,0
oxna,0,0,1,0
modifying,1,0,0,1
roctan,0,0,1,0
ttbt,0,0,1,0
bhxoj,0,0,1,0
con-,16,6,0,0
1t,0,0,1,0
6,2,4,3,2
ha,0,0,2,0
sound;,0,0,0,1
rel,5,0,0,0
coupled,0,1,0,0
\[thom69\],2,0,0,0
particular,3,1,0,3
init,4,0,0,0
b,7,3,17,0
ial,3,0,0,0
concept,9,0,0,4
\]etfl,0,0,1,0
bblxo,0,0,1,0
filtering,0,0,0,1
ent,2,1,0,0
irely,1,0,0,0
ht,0,0,1,0
introduced,0,0,0,4
assembler,1,0,0,0
ay,0,0,1,0
xafiky,0,0,1,0
refer,0,3,0,0
ibm36,1,0,0,0
been,10,3,0,3
roct,0,0,1,0
so,8,9,0,1
hx_u,0,0,1,0
filters,0,0,0,8
cont,2,0,0,0
inuous,1,0,0,0
almost,1,1,1,0
employed,0,1,0,1
certainly,0,1,0,0
warrant,0,2,0,0
klatt,0,0,0,5
regard-,0,1,0,0
formant,0,0,0,1
\[-movable\];,0,0,1,0
synthesizer,0,0,0,7
lows,1,0,0,0
hence,0,0,1,0
stative,0,0,1,0
meaning,3,0,3,0
interactive,3,0,0,0
exten-,1,0,0,0
terrorists,0,1,0,0
sions,1,1,0,0
n_,0,0,1,0
xoztnr,0,0,1,0
applied,4,1,0,2
go,0,0,1,0
sequences,1,0,0,2
semantics,4,0,3,0
ma,1,1,1,0
ab,2,0,1,0
mk,0,0,1,0
poten-,0,1,0,0
boy,0,0,1,0
tially,0,1,0,0
too,1,5,0,1
\[+movable\],0,0,1,0
expressed,3,0,0,0
speech-processing,0,0,0,1
applications,4,0,0,4
rms,1,0,0,1
xg,0,0,1,0
energy,0,0,0,1
gen-,3,0,0,0
&,0,0,1,0
eral,1,0,0,0
tb,0,0,1,0
re-write,1,0,0,0
correspond-,0,0,1,1
transformations,1,0,0,0
attached,2,0,0,0
rule,2,1,0,0
answers,2,0,0,0
obtained,2,3,0,1
if,32,4,7,1
moving-average,0,0,0,2
lt,1,0,0,0
dent,0,1,0,0
addressing,0,1,1,0
7,5,1,2,1
rendezvous,4,0,0,0
\[codd74\],3,0,0,0
addresses,1,0,0,0
low-pass,0,0,0,1
filter,0,0,0,2
problem,9,2,2,0
certa,1,0,0,0
est,0,1,0,0
inty,1,0,0,0
usable,0,0,1,0
recursion,0,0,0,1
regarding,1,0,0,0
disambignation,0,0,1,0
reliably,0,1,0,0
extracted,1,6,0,0
pave,0,0,0,1
combinability,0,0,1,0
engages,2,0,0,0
adverbials,0,0,1,0
desig-,0,0,1,0
nating,0,1,1,0
iir,0,0,0,3
infinite,0,0,0,1
dialogue,4,0,0,0
impulse,0,0,0,1
reason,0,0,3,0
response,8,2,0,2
specify,3,0,0,0
instrument,0,0,2,0
high-,0,0,0,1
disambiguate,2,0,0,0
low-,0,0,0,1
incorpo-,0,1,0,0
always,0,1,3,0
rating,0,1,0,0
band-pass,0,0,0,1
sort,0,0,1,0
route,1,0,0,0
tables,17,2,0,2
oncord,0,0,1,0
deter-,0,1,1,1
coefficients,0,0,0,1
mine,0,1,0,0
19jd,0,0,1,0
until,1,0,0,0
instance,1,6,0,0
np,0,37,2,0
adverbial,0,0,3,0
implementation,2,4,0,7
satisf,1,0,0,0
ied,2,0,0,0
filler,0,9,0,0
briefly;,0,0,0,1
8,2,0,2,1
here,1,3,2,1
robot,3,0,0,0
\[harr78\],2,0,0,0
denoting,0,0,2,0
computes,0,1,0,0
controlled,1,0,1,0
action,0,1,2,1
joint,0,6,0,0
138,0,0,0,1
consequently,0,2,1,0
fact,1,0,5,3
current,10,1,1,1
agent,0,0,1,0
endowed,0,0,1,0
avai,2,0,0,0
appears,0,2,0,0
lable,2,0,0,0
free,1,1,1,0
similarity,0,0,0,1
commercial,1,0,0,1
earlier,0,0,0,1
market,1,0,0,0
condition,0,0,2,0
finally,1,1,0,3
fulfilled,0,0,2,0
legitimate,1,1,0,0
cul,1,0,0,0
inane,1,0,0,0
sounds,0,0,1,0
online,2,0,0,0
j\],0,0,1,0
\[cull80\],3,0,0,0
onaatm,0,0,1,0
arti,1,0,0,0
npoeaaa,0,0,1,0
y,1,1,4,0
boj\]\[htpdi,0,0,1,0
schematic,0,0,0,1
diagram,1,0,0,1
hmesyrca,0,0,1,0
mathematically,0,1,0,0
npo,0,0,2,0
corporat,1,0,0,0
axe,0,0,1,0
a6onemehtmae,0,0,1,0
khh,0,0,1,0
intellect,2,0,0,0
ketikh,0,0,1,0
\[edp82\],2,0,0,0
version,3,0,0,0
evsent,0,8,0,0
parameters,0,0,0,3
plausfillr,0,10,0,0
hmewrca,0,0,1,0
synthesize,0,0,0,2
tied,0,1,0,1
denote,0,0,2,0
torus,2,0,0,0
\[mylo76\],2,0,0,0
adver-,0,0,1,0
bials,0,0,1,0
exact,2,0,1,0
glottal,0,0,0,1
estimate,0,8,0,2
fla,0,0,1,0
filter-specific,0,0,0,1
eaa,0,0,1,0
frequency,0,0,0,1
1988a,0,0,2,0
textual,0,2,0,0
cluded,0,0,1,0
obtain,0,0,0,2
appearing,0,1,0,1
within,5,2,0,0
grounds,1,0,1,0
resonant,0,0,0,1
frequencies,0,0,0,1
oriented,1,0,0,0
vocal,0,0,0,2
tract,0,1,0,2
non-action,0,0,1,0
required,6,0,0,1
orlo3,0,0,1,0
3tb,0,0,1,0
otffratb,0,0,1,0
3atflhytbc,0,0,1,0
synthesized,0,0,0,1
<,0,0,2,0
consonant–,0,0,0,1
vowel,0,0,0,1
spent,1,0,0,0
naz,0,0,1,0
applying,1,1,0,0
>,1,0,1,0
demonstrate,0,0,0,1
product,0,3,0,0
coxpahhtbcg,0,0,1,0
split,0,2,0,0
series,0,0,0,1
coordinate,0,0,1,0
construc-,0,0,1,0
end,6,1,0,3
necessary,7,0,2,0
tocarry,0,0,1,0
|f,0,5,0,0
front-end,2,0,0,0
opposite,0,0,1,0
conjunction,0,0,1,0
manage-,4,0,0,0
reduction,0,0,1,0
better,1,0,1,1
?,1,10,0,0
what,15,0,1,1
gives,0,0,1,0
|evsent,0,6,0,0
hint,0,0,1,0
transfor-,0,0,1,0
means,10,0,1,0
expres-,0,1,0,0
sion,2,3,0,0
cookbook,0,0,0,1
table,8,11,0,0
feel,0,0,0,1
driven,2,0,0,0
give,1,0,0,1
modules,7,2,0,0
proce-,0,0,1,0
tionary,2,0,0,0
dure,0,0,1,0
1there,0,1,0,0
anaphoric,1,0,1,0
exceptions,0,1,0,0
actually,0,0,0,1
hypothet-,0,1,0,0
ion-specif,1,0,0,0
lc,1,0,0,0
statements,0,1,0,0
dahlgren,0,0,1,0
mcdowell,0,0,2,0
1986,0,0,2,0
desired,3,1,0,0
relatively,4,2,0,0
uncommon,0,1,0,0
cat,0,0,2,0
152,0,1,0,0
did,3,0,1,0
drink,0,0,1,0
–,0,3,0,0
milk,0,0,2,0
some-,1,0,0,0
spilled,0,0,1,0
recommended,0,0,0,3
spill,0,0,1,0
staff,2,0,0,0
presupposes,0,0,1,0
arriving,0,1,0,0
estimating,0,0,0,1
build,7,0,0,2
decision,0,5,0,0
liquid,0,0,1,0
pronoun,0,0,1,0
unambiguously,0,0,1,0
as-,0,2,1,0
sociated,0,0,1,0
acoustic,0,0,0,1
probabilities,0,4,0,2
fast,1,0,0,1
fourier,0,0,0,1
transform,0,0,0,1
fft,0,0,0,2
representable,2,0,0,0
distinguish,0,0,1,0
texts,0,14,1,0
note,1,3,1,0
drive,1,0,0,0
interpretations,0,0,1,0
generator,2,1,0,0
metaphoric,0,0,1,0
reorganization,1,0,0,0
sea,0,0,1,0
change,4,0,0,1
smiled,0,0,1,0
apply,2,1,0,1
balance,0,2,0,0
compiled,0,0,0,1
select,3,0,1,0
shou,2,0,0,0
ld,3,0,0,0
restrict,0,0,1,0
ions,30,0,1,0
ransparen,1,0,0,0
without,4,1,1,2
icon,0,0,1,0
spectrum,0,0,0,3
60-ies,0,0,1,0
plotted,0,0,0,1
relevance,0,2,0,0
excel,0,0,0,1
unique,0,0,1,0
theoretical,0,0,1,0
matlab,0,0,0,1
isolation,0,1,0,0
ofsemantic,0,0,1,0
able,11,1,0,0
progress,0,0,1,0
spectral,0,0,0,1
requests,3,0,0,0
recog-,2,4,0,0
nizer,0,4,0,0
embodied,0,2,0,0
70-ies,0,0,1,0
compo-,0,1,0,0
nent,0,1,0,0
0-ies,0,0,1,0
euf,1,0,0,0
d,16,3,0,0
peaks,0,0,0,1
works,0,1,1,0
essentially,1,1,0,0
ju,0,0,1,0
apresjan,0,0,3,0
1974,2,0,1,0
resonances,0,0,0,1
changes,1,0,0,0
wierzbicka,0,0,6,0
describing,1,2,0,0
1972,2,0,2,0
connected,1,0,1,0
rel-,0,1,0,0
evant,0,1,0,0
transferring,1,0,0,0
harmonics,0,0,0,1
prelude,0,0,0,1
role-,0,6,0,0
decomposition,0,0,3,0
meanings,0,0,3,0
drew,0,0,1,0
cepstral,0,0,0,4
another,8,3,0,0
probabil-,0,2,0,0
transparent,1,0,0,0
aside,0,0,1,1
high-level,0,0,0,1
secondary,0,0,1,0
employs,2,0,0,1
modest,0,0,1,0
position,0,0,2,0
inverse,0,0,0,1
mini-computer,1,0,0,0
therefore,2,2,0,0
best,0,10,1,0
subsidiary,0,0,1,0
fills,1,1,0,0
puter,1,0,0,0
executable,0,0,0,1
suming,0,1,0,0
anpecan,0,0,3,0
tp,0,0,1,0
occurs,0,1,0,0
even,5,5,1,0
argue,0,0,1,0
rudimentary,0,0,0,1
pitch,0,0,0,3
tracker,0,0,0,1
preted,3,0,0,0
deserves,0,0,1,0
prominent,0,0,1,0
leads,0,0,0,1
quickly,2,0,0,0
unanalyzable,1,0,0,0
rest,0,1,0,0
constructs,2,0,0,0
intricate,0,0,1,0
garden,0,0,1,0
voicing,0,0,0,1
detection,0,0,0,1
algorithm,5,0,0,4
nonstandard,1,0,0,0
poorly-,1,0,0,0
autocorrelation,0,0,0,2
formed,3,1,0,0
models,1,10,0,9
method,1,0,0,2
nevertheless,2,0,0,0
meaning-,2,0,0,0
tracking,0,0,0,1
ful,2,0,0,0
portable,1,0,0,0
machines,1,1,0,1
linear,1,0,0,1
predictive,0,0,0,1
coding,0,0,0,1
lpc,0,0,0,3
inction,1,0,0,0
am,0,0,2,0
inclined,0,0,1,0
compare,0,0,0,1
think,0,0,2,1
determine,0,3,0,0
trackers,0,0,0,1
modify,2,0,0,1
string,6,6,0,0
entered,5,0,0,0
legiti-,0,1,0,0
mate,0,1,0,0
plays,0,0,1,0
leading,0,0,1,0
analyzer,14,0,0,0
analyze,1,1,0,1
regardless,1,0,0,0
regulating,0,0,1,0
vowels,0,0,0,1
terminating,1,0,0,0
punctuation,1,0,0,0
sample,1,0,0,1
consistent,1,1,0,0
match,3,1,0,0
195,0,0,1,0
anna,0,0,1,0
treats,1,0,0,0
her,0,0,1,1
formants,0,0,0,1
input,17,0,0,0
lexico-,0,2,0,0
request,5,0,0,0
takes,0,0,2,0
ambitious,0,0,1,0
task,0,9,1,0
motivated,0,0,4,0
pace,0,0,0,1
intermediate,1,0,0,0
classifier-based,0,1,0,0
il,23,0,0,0
finite-state,0,0,0,4
fsms,0,0,0,3
constructions,1,0,2,0
distinctions,0,0,2,0
initially,0,1,0,1
symbolic,0,0,0,1
>by,0,0,1,0
high,3,0,0,1
level,5,0,0,1
1988,0,0,5,0
language;,1,0,0,0
shift,0,0,0,1
wholly,0,0,1,0
customer,1,0,0,0
agreeing,0,0,1,0
thesis,0,0,2,0
perhaps,0,0,0,2
confidence,0,4,0,0
add,2,0,1,0
fortran,4,0,0,0
val-,0,2,0,0
coherent,0,0,0,1
later,1,1,0,0
ues,0,2,0,0
stick,0,0,0,1
plugged,0,1,0,0
favor,0,0,1,0
arc,0,0,1,0
peculiarities,0,0,0,1
support,10,2,0,0
na?¨ve,0,19,0,0
distracting,0,0,0,1
bayes,0,18,0,0
considered,1,1,1,0
tobe,0,0,1,0
purely,0,0,1,0
novice,0,0,0,3
programmer,2,0,0,1
furthermore,0,0,0,1
security,2,2,0,0
demanding,0,0,1,0
icxical,0,0,1,0
probabili-,0,1,0,0
ties,1,1,0,0
fsm,0,0,0,8
met,3,0,0,0
computed,0,1,0,0
proved,0,0,1,0
tedious,0,0,0,1
generative,0,1,0,0
modular,1,0,0,0
semantically,1,0,3,0
difficult,0,3,0,1
mediate,2,0,0,0
uninitiated,0,0,0,2
ofa,0,0,1,0
observe,0,2,0,1
correspondences,0,0,0,1
clues,0,1,0,0
construction,0,0,3,0
lexi-,0,1,0,0
depictions,0,0,0,1
\[burg82\],2,0,0,0
matches,0,3,0,0
3am4aaak,0,0,1,0
corresponding,3,2,2,1
laayuena,0,0,1,0
simple,2,0,0,5
1987,0,0,2,0
rela-,5,2,0,0
ways,4,1,0,1
characterization,0,0,1,0
union,1,0,0,0
capabi,3,0,0,0
predicates,1,0,4,0
ies,19,0,0,0
neg-raising,0,0,1,0
definition,2,1,0,1
neg-rais-,0,0,1,0
coverage,1,0,0,2
nb,0,20,0,0
over-generation,0,0,0,1
believe,1,1,5,2
determinism,0,0,0,1
<that>,0,0,1,0
nondeterminism,0,0,0,1
\[+incompatibility,0,0,1,0
counting,1,0,0,0
contraries\],0,0,1,0
briefly,0,0,0,2
you,0,0,2,0
dbm3,1,0,0,0
see,2,2,0,1
figure,2,5,0,0
clear,3,2,0,1
backtracking,0,0,0,1
simultaneously,1,0,2,0
issue,2,3,0,1
z,1,6,2,0
not-p,0,0,3,0
though,1,3,2,0
nondeterministic,0,0,0,1
assume,0,0,2,0
properly,1,0,0,0
load,1,0,0,1
converting,0,0,0,1
?f,0,3,0,0
excluded,0,0,2,0
|plausfillr,0,2,0,0
neutrality\],0,0,1,0
representationally,0,0,0,1
equivalent,2,0,1,1
ministic,0,0,0,1
mapping,18,0,0,0
ict,3,0,0,0
ionary,14,0,0,0
carrying,0,0,0,1
conversion,3,0,0,1
never,2,0,1,0
gave,0,1,1,0
handled,2,0,0,0
at&t,0,0,0,1
normalizing,0,3,0,0
thought,0,0,1,0
constant,0,3,0,0
library,0,0,0,1
functions,13,0,0,0
tained,2,0,0,0
apytmaona,0,0,1,0
estimated,0,1,0,0
interesting,0,0,0,1
english-like,0,0,0,1
mapper,11,0,0,0
monosyllable,0,0,0,1
fraction,0,1,0,0
conjunctions,1,0,1,0
qto,0,0,2,0
tent,3,0,0,0
box,0,0,0,1
dependent,2,0,0,0
kak,0,0,2,0
training,0,17,0,0
obey,0,0,1,0
dict,13,0,0,0
followingrulc,0,0,1,0
collection,0,1,0,1
term,1,2,0,1
distribution,0,0,1,0
equation,0,2,0,0
likelihood,0,2,0,0
walk-through,0,0,0,1
simplifying,0,2,0,0
final,4,0,0,1
know/believe,0,0,1,0
considerations,0,0,1,0
query-,1,0,0,0
loads,0,0,0,1
syntax,4,0,0,1
an-,0,2,0,0
kag,0,0,1,0
executes,0,0,0,1
writes,1,0,0,0
perceive,0,0,1,0
i;1,0,0,1,0
ities,0,1,0,0
nomam,0,0,1,0
group/field,1,0,0,0
names,13,2,0,0
tam,0,0,2,0
kyna,0,0,1,0
al4cb,0,0,1,0
fl,0,0,1,0
nommo,0,0,1,0
ap-,0,6,0,1
pearing,0,2,0,0
mu,0,0,1,0
kynam4cb,0,0,1,0
strings,2,2,0,1
concepts,10,0,0,0
constraints,0,0,0,1
rla,0,0,1,0
yqena,0,0,2,0
1988b,0,0,2,0
presentation,0,0,0,1
invariant,0,0,4,0
satisfies,2,0,0,0
differ-,0,1,0,0
isrevealed,0,0,1,0
requirement,2,0,0,0
togeth-,0,0,0,1
er,0,0,0,1
independence,2,0,0,0
capable,0,0,1,0
espo,1,0,0,0
indirect,0,0,2,0
se,1,2,1,0
in-,0,4,0,0
state-transition-table,0,0,0,1
stance,0,1,0,0
parameter,0,0,1,0
block,1,0,0,0
terrorist,0,11,0,0
word;,0,0,1,0
139,0,0,0,1
inci-,0,2,0,0
dents,0,2,0,0
know,9,0,2,0
why,0,0,2,1
he,2,0,14,1
arrived;,0,0,1,0
perpetra-,0,2,0,0
tors,0,1,0,0
translator,9,0,0,0
victims,0,5,0,0
transducers,0,0,0,1
arriva!,0,0,1,0
needs,5,0,0,0
providing,0,0,0,3
weapons,0,2,0,0
hand,2,2,1,0
convert,6,0,0,0
!,0,0,1,0
levels,2,0,0,1
ca_me,0,0,1,0
phonetics,0,0,0,1
phonology,0,0,0,1
orthography,0,0,0,1
construct,0,1,0,0
arrival,0,0,1,0
nicely,1,0,0,1
specifically,0,1,0,0
vendler,0,0,2,0
already,3,0,0,1
suggested,1,0,0,1
rec-,0,3,0,0
troller,1,0,0,0
ognizer,0,3,0,0
x,0,0,14,0
knows,2,0,1,0
responsible,0,1,3,0
synonym,5,0,0,0
editor,3,0,0,1
option,0,0,1,0
single,4,1,0,0
in-variant,0,0,1,0
turns,0,0,0,1
off-l,1,0,0,0
ine,2,0,0,0
topic,0,0,0,2
creation,1,1,0,0
genit,0,0,1,0
ive,2,0,1,0
run-time,3,0,0,0
description,2,3,0,0
object,0,0,4,0
attention,0,0,1,0
knowledge-based,1,0,0,2
subsections,1,0,0,0
pattern-recognition,0,0,0,1
descrloe,1,0,0,0
thdconstruction,0,0,1,0
genitive,0,0,20,0
historical,4,0,0,1
perspective,0,0,0,2
otbeta,0,0,1,0
npnm,0,0,1,0
motivat,1,0,0,0
mopoaa,0,0,2,0
qynctnyetc,0,0,1,0
katactpodp,0,0,1,0
ture,2,1,0,1
nponaomao,0,0,1,0
plication,1,0,0,0
definit,3,0,0,0
integration,0,0,0,1
nominative,0,0,4,0
ication,9,0,0,0
otuer,0,0,1,0
ne,1,0,6,0
long,3,1,0,0
npamea,0,0,1,0
benefit,0,0,0,3
mope3,0,0,1,0
qynctnona,0,0,1,0
hands-on,0,0,0,2
ca,8,1,1,1
def,7,0,0,0
classification,0,5,0,0
1985,0,0,1,0
dynamic,0,0,0,3
warping,0,0,0,1
minor,3,1,0,0
claimed,0,0,1,0
dtw,0,0,0,2
transmitted,2,0,0,0
firstly,0,1,0,0
exemplify,0,0,0,1
choice,1,0,2,0
pattern-matching,0,0,0,2
dealing,0,1,0,0
corpus,1,2,0,0
typical,3,0,0,0
fairly,0,0,0,1
straightforward,1,0,0,1
lected,1,0,0,0
mined,0,0,1,0
secondly,0,1,0,0
represen-,1,0,0,0
tative,1,0,0,0
“class”,0,1,0,0
distances,0,0,0,1
ascribed,0,0,1,0
graph,6,0,0,0
npoaaoata\];verb,0,0,1,0
forms,2,0,2,0
variability,0,0,0,1
passive,0,0,1,0
implicit,2,0,0,0
clas-,0,4,1,0
ha6,0,0,1,0
realized,1,0,0,0
sifiers,0,2,0,0
atbcg,0,0,1,0
qynctnonarbc,0,0,1,0
predicatives,0,0,1,0
na,0,0,3,0
nodes,11,0,0,0
xo,0,0,1,0
nnmno,0,0,1,0
dictionary,6,0,1,0
supposed,0,0,2,0
ontain,0,0,1,0
prob-,5,1,0,0
abilities,0,1,0,0
hundred,0,0,1,0
connect,3,0,0,0
iv,3,0,0,0
matrices,0,0,0,1
believes,0,0,1,0
time-warping,0,0,0,1
implied,1,0,1,0
affinity,0,9,1,0
asking,1,0,0,1
case-structure,1,0,0,0
af-,0,0,1,0
relat,1,0,0,0
finity,0,0,1,0
ionships,1,0,0,0
pitfalls,0,0,0,1
reliable,0,0,1,0
prediction,0,0,1,0
mapping-funct,1,0,0,0
processed,1,0,0,0
thing,1,0,1,0
thai,0,0,1,0
suffid,0,0,1,0
adm,2,0,0,0
demonstrated,0,0,1,0
added,3,0,0,1
good,5,2,0,2
effect,0,2,0,1
dif-,3,0,1,0
ferences,1,0,1,0
153,0,1,0,0
insyntactic,0,0,1,0
behavior,0,0,1,0
structures,3,1,0,0
cognate,0,0,3,0
pointers,2,0,0,1
pairs,0,0,1,0
ctapoct,0,0,2,0
ra-,0,1,0,0
tio,0,1,0,0
co6pahaa,0,0,1,0
decrease,1,0,0,0
ue,0,0,1,0
6z,0,0,1,0
books,0,0,0,2
non-event,0,10,0,0
ao,0,0,2,0
train-,0,1,0,0
co6panaa,0,0,1,0
npacytcteoba,0,0,1,0
acous-,0,0,0,1
honopota,0,0,1,0
tic,0,1,0,1
n,4,0,5,0
noctanonge,0,0,1,0
texnhqeckofl,0,0,1,0
nponaram1,0,0,1,0
henactynnmo,0,0,1,0
times,2,4,0,1
rlonopota,0,0,1,0
debug,1,0,0,0
assump-,0,1,0,0
noctahon,0,0,1,0
texhhqeckoi,0,0,1,0
markov,0,1,0,6
nponaraaau,0,0,1,0
interfaces,5,0,0,0
haqa,0,0,1,0
rlocb,0,0,1,0
chmhtomob,0,0,2,0
6oaeaaa,0,0,1,0
coping,0,0,0,1
exist,2,0,1,0
noslni,0,0,1,0
laocl,0,0,1,0
uncertainty,0,0,0,1
part-of-speech,0,0,0,3
n-gram,0,0,0,1
6021eahh,0,0,1,0
hcqc3jio,0,0,1,0
claim,0,0,2,0
took,1,0,0,0
still,2,0,0,0
xamples,0,0,1,0
staff-months,2,0,0,0
bring,2,0,0,0
explanation,0,0,2,0
accuracy,0,7,0,0
informal,0,0,0,1
user-view,1,0,0,0
reasonable,3,1,0,0
hidden,0,0,0,2
hmm,0,1,0,1
poor,2,1,0,0
domingos,0,2,0,0
pazzani,0,2,0,0
zadrozny,0,2,0,0
trigram,0,0,0,1
kept,2,0,0,0
elkan,0,2,0,0
2001;,0,1,0,0
incompleteness,0,0,0,1
manning,0,3,0,2
backoff,0,0,0,1
ion-,2,0,0,0
precisely,0,2,1,0
hmms,0,0,0,2
rabiner,0,0,0,4
tend,0,2,0,0
1989;,0,0,0,1
overes-,0,1,0,0
timate,0,1,0,0
juang,0,0,0,2
1993,0,0,0,2
preposit,2,0,0,0
result-,0,1,0,0
clearer,0,0,0,1
conjunc-,2,0,0,0
situation,1,1,0,0
omponents,0,0,3,0
pre-stored,1,0,0,0
extremely,0,2,0,0
close,1,2,0,0
0,0,22,1,0
sections,3,0,0,1
negative,4,1,5,0
direction,1,1,0,0
sentenc,0,0,1,0
tagging,0,0,0,1
nect,1,0,0,0
observed,0,3,0,0
semantic-graph,5,0,0,0
decided,0,2,0,0
plore,0,1,0,0
-c,1,0,0,0
roons,1,0,0,0
explained,0,0,1,0
chomsky’s,0,0,0,1
objections,0,0,0,1
nectivity,1,0,0,0
o£,3,0,0,0
indicated,1,0,0,0
negation,2,0,3,0
svms,0,2,0,0
slots,1,0,0,0
omponent,0,0,2,0
cxists,0,0,1,0
whcre,0,0,1,0
svm,0,15,0,0
concern,0,0,0,1
stands,1,0,1,0
referent,0,0,1,0
all-or-nothing,0,1,0,0
-case,1,0,0,0
indicate,3,2,0,0
attr,4,0,0,0
ibutes,3,0,0,0
yet,2,0,0,1
seem,0,0,0,1
adjec-,1,0,0,0
try,0,1,0,0
tives,2,0,0,0
ional,4,0,0,0
vector,0,2,0,0
modif,2,0,0,0
vapnik,0,2,0,0
iers,1,0,0,0
joachims,0,4,0,0
alternative,1,1,0,1
derived,1,0,0,0
doing,0,1,0,0
tagger,0,1,0,1
sible,1,0,1,0
connection,1,0,1,0
status,2,0,4,0
publicly,0,0,0,1
node,6,0,0,0
assertion,0,0,1,0
svmsmake,0,1,0,0
implication,0,0,1,0
frequently,3,0,0,1
desig,1,0,0,0
karttunen,0,0,2,0
1973,0,0,2,0
boundary,0,1,0,0
hole,0,0,0,1
iderat,1,0,0,0
vectors,0,1,0,0
moves,1,0,0,1
identified,0,2,0,0
mapping-,1,0,0,0
funct,2,0,0,0
presupposition,0,0,4,0
deci-,0,3,0,0
necessitate,1,0,0,0
going,1,0,0,0
back,2,1,0,0
gained,0,0,0,1
unseen,0,1,0,0
test,5,8,0,0
non-negative,0,0,1,0
ntence,0,0,1,0
definite-clause,0,0,0,1
side,1,3,0,0
proposition,0,0,5,0
bound-,0,1,0,0
exists,4,0,4,0
intuitive,0,0,0,1
lap,1,0,0,0
lie,0,1,0,0
inguist,2,0,0,0
recursive,0,0,0,1
descent,0,0,0,1
parsers,3,0,0,1
assigning,1,0,0,0
dog,0,0,0,1
pl,0,0,0,1
signments,0,1,0,0
representat,2,0,0,0
difference,1,0,0,1
whole,1,0,1,0
scores,0,1,0,0
negated,0,0,2,0
exactly,1,0,1,0
represented,5,0,0,0
tree,10,0,0,1
score,0,2,0,0
existence,1,0,6,0
canonical,1,0,0,0
breaks,0,0,0,1
phoneme,0,0,0,1
tak-,1,0,0,0
syllables,0,0,0,1
1-st,0,0,1,0
advantage,1,0,0,0
vcrbs,0,0,1,0
normalize,0,1,0,0
chart,1,0,0,1
minimum,1,1,0,0
search,2,1,0,1
maximum,0,1,0,0
predict,0,0,1,0
deterministic,0,0,0,1
un-,0,0,1,0
produced,0,2,0,0
ambiguously,0,0,1,0
parallel,1,0,0,1
relation,13,0,0,0
instances,1,3,0,0
group-to-group,3,0,0,0
nor-,0,1,0,0
improved,0,1,0,2
inkage,1,0,0,0
malization,0,1,0,0
produces,0,4,0,0
exercises;,0,0,0,1
repro-,0,0,1,0
dealt,1,0,0,0
ntation,0,0,1,0
grammars,2,0,0,4
join,6,0,0,0
rough,0,1,0,0
indicator,0,1,0,0
implement,3,0,0,0
n6mina/tive,0,0,1,0
subjects,0,0,1,0
link,4,0,0,0
hierarchical,5,0,0,0
svm’s,0,1,0,0
recall/precision,0,2,0,0
trade-off,0,2,0,0
wired,1,0,0,0
otnet,0,0,1,0
thresholds,0,2,0,0
npume,0,0,1,0
consulting,0,0,0,1
classifica-,0,1,0,0
otaet,0,0,1,0
ae,0,0,2,0
npame,0,0,1,0
allen,0,0,0,2
1994,0,0,0,2
140,0,0,0,1
faci,1,0,0,0
reasonably,1,2,0,0
presupposed,0,0,2,0
tate,1,0,0,0
hpumea,0,0,1,0
otne,0,0,1,0
writ,1,0,0,0
otneta,0,0,1,0
npnmao,0,0,1,0
incorporation,0,0,0,1
context-free,0,0,0,2
database-speci,1,0,0,0
11,0,0,2,0
subjcct,0,0,1,0
attribute,2,0,0,0
ranging,0,0,0,1
judgments,0,0,0,1
head,2,5,0,0
grammaticality,0,0,0,1
ofnp,0,2,0,0
gradient,0,0,0,1
gets,2,0,0,0
implication;,0,0,1,0
uncertain,1,0,0,1
’s,0,1,0,0
pointer,1,0,0,0
mechanism,1,0,0,1
tags,0,1,0,0
account,1,0,0,1
collocations,0,0,0,1
0caaga,0,0,1,0
bblrla,0,0,1,0
learnability,0,0,0,1
196,1,0,1,0
ocaaok,0,0,1,0
cfg,0,0,0,1
najl,0,0,1,0
10,0,2,1,0
unit,3,0,0,0
3axpy,0,0,2,0
meas-,1,0,0,0
lhehhfi,0,0,1,0
ure,1,0,0,0
automatically,1,3,0,0
so3naxao,0,0,1,0
thenast,0,0,1,0
feet,2,0,0,0
noanngaa,0,0,1,0
meters,2,0,0,0
assigned,0,1,0,0
paahrlrbl,0,0,1,0
binary,0,3,0,0
ycmatpasaerca,0,0,1,0
value,15,1,0,0
paanatta,0,0,1,0
run-t,1,0,0,0
ime,2,0,0,0
yc,0,0,1,0
indicating,0,3,0,0
arpnnaerca,0,0,1,0
map,10,1,0,0
limitations,1,0,0,1
translate,2,0,0,0
absence,1,1,2,0
cfgs,0,0,0,1
tree-structured,1,0,0,0
aggressive,0,0,1,0
stylistic,0,0,1,0
variant,2,0,1,0
named-entity,0,1,0,0
toa,0,0,1,0
newly,1,0,1,0
proaches,0,0,0,1
born,0,0,1,0
tree-adjoining,0,0,0,1
norm,0,0,1,0
group/f,1,0,0,0
freely,0,2,0,0
data-oriented,0,0,0,1
stanford,0,1,0,1
oronopeaaoc,0,0,1,0
ner,0,2,0,0
rb,0,0,1,0
oc,0,0,1,0
rllrrlyta,0,0,1,0
co,4,0,0,0
pre-trained,0,1,0,0
say,0,0,1,0
roroaopenhocra,0,0,1,0
provide,1,0,0,1
lloc,0,0,1,0
rnrnyto,0,0,1,0
person,0,2,0,0
location,1,2,0,0
syntac-,0,1,0,0
vision,0,0,4,1
sundance/autoslog,0,2,0,0
observer,0,0,4,0
cocke-,1,0,0,0
kasami-younger,1,0,0,0
phillips,1,5,0,0
sundance,0,2,0,0
classical,1,0,0,0
shallow,0,1,0,0
nonpredict,1,0,0,0
bottom-up,1,1,0,0
adequately,1,0,0,1
heads,0,1,0,0
fulfills,0,0,0,1
family,1,0,0,0
dictio-,0,2,0,0
naries,0,1,0,0
developed,3,0,0,0
kay,1,0,0,0
earley,1,0,0,0
respon-,0,0,1,0
others,3,0,0,0
autoslog,0,2,0,0
\[aho72\],2,0,0,0
pattern,6,3,0,0
due,1,2,0,1
lexico-syntactic,0,1,0,0
arbitrary,1,0,0,0
unable,0,0,0,1
context-,1,0,0,0
contrary,0,0,1,0
delve,0,0,0,1
deeply,0,0,0,1
restr,1,0,0,0
mitigated,0,0,0,1
left-recursion,1,0,0,0
i!,0,0,1,0
expresses,0,0,1,0
presup-,0,0,1,0
is-,1,0,0,0
tics,1,1,0,0
sometimes,1,1,0,0
bogged,0,1,0,0
cause,3,0,0,0
down,0,1,0,0
diff,8,0,0,0
iculty,1,0,0,0
men-,0,0,1,0
interest,0,0,0,1
reduced,0,1,0,0
parses,2,0,0,0
size,0,1,0,0
13,1,1,1,0
discarding,0,1,0,0
epenna,0,0,1,0
appeared,0,1,0,0
xa,0,0,2,0
epena,0,0,1,0
nxzxa,0,0,1,0
q,0,0,2,0
nonterminal-,1,0,0,0
bngna,0,0,1,0
;aepe11ha,0,0,1,0
terminal-symbol,1,0,0,0
epesaa,0,0,1,0
!i11/11to,0,0,1,0
conferences,0,0,0,1
journals,0,0,0,1
geni-,0,0,2,0
tive,1,2,2,0
precise,1,0,0,0
bird,0,0,0,2
except,3,2,0,0
refers,2,0,0,0
composite,1,0,0,0
operation,2,0,0,0
internet,0,0,0,1
disc,0,0,0,2
1999;,0,0,0,1
hunt,0,0,0,2
1997;,0,0,0,1
jamieson,0,0,0,2
2002;,0,0,0,1
kita,0,0,0,2
sentence-level,0,1,0,0
krauwer,0,0,0,2
ambigui-,1,0,0,0
2005;,0,0,0,2
length,1,2,0,0
bag,0,2,0,0
conversational,0,0,1,0
picone,0,0,0,2
implicature,0,0,2,0
additionally,0,1,0,1
tense,0,2,0,0
doubt,0,0,2,0
aimed,0,0,0,1
partial,3,0,0,0
non-terminal,1,0,0,0
mathematics,0,0,0,1
symbol,1,0,0,0
derives,1,0,0,0
substring,2,0,0,0
greater,1,1,0,0
casts,0,0,1,0
35,0,6,0,0
spans,1,0,0,0
entire,1,1,0,0
shorter,0,1,0,0
complete,1,1,0,0
parse,1,0,0,0
impends,0,0,1,0
itself,2,1,1,0
analyses,2,0,0,0
errors,1,0,0,1
regions,1,2,0,0
occupy,0,0,1,0
easily,2,0,0,1
confuse,0,0,0,1
speaker,0,0,2,0
mind,0,0,1,0
easy,3,0,0,0
particularly,0,0,0,1
perceived,0,0,1,0
speed,1,0,0,0
storage,1,0,0,0
siderations,1,0,0,0
quibbles,0,0,0,1
builds,0,0,0,1
widely,1,0,0,0
qyllcrnyetc,0,0,1,0
compilers,1,0,0,0
persons,0,0,1,0
desires,0,0,0,1
oc-,0,0,1,0
cupy,0,0,1,0
fre-,0,1,0,0
quency,0,1,0,0
places,0,0,1,0
impact,0,0,0,1
cutoff,0,1,0,0
eliminate,0,1,0,0
felt,0,0,0,1
arise,0,0,1,0
pear,0,3,0,0
stating,0,0,1,0
come,0,0,0,1
14,0,0,1,0
mama,0,0,1,0
education,1,0,0,1
bh/iho,0,0,1,0
<a,0,0,1,0
ecb>,0,0,1,0
call,1,0,1,0
symbols,2,0,0,0
evaluated,0,5,0,0
masha,0,0,1,0
pressing,0,0,0,1
performance,0,6,0,0
lying,1,0,0,0
tences,0,0,1,0
muc-4,0,21,0,0
wonderful,0,0,0,1
terrorism,0,4,0,0
sund-,0,1,0,0
154,0,1,0,0
heim,0,1,0,0
1992,0,3,0,0
characterize,1,0,1,0
combined,1,0,0,0
promed,0,15,0,0
spec,2,0,0,0
disease,0,9,0,0
james,0,0,0,1
outbreaks,0,3,0,0
cor-,0,1,0,0
pus,0,1,0,0
verbs;,0,0,1,0
moreover,1,0,1,0
benjamin/cummings,0,0,0,1
2007;,0,1,0,0
publishing,1,0,0,1
company,8,0,0,1
inc,2,0,0,2
redwood,0,0,0,1
organ,1,0,0,0
ized,1,0,0,0
conditions,1,1,1,0
steven,0,0,0,2
sys-,4,3,0,0
tem,5,0,0,0
standard,0,1,0,0
anthology,0,0,0,1
benchmark,0,1,0,0
archive,0,0,0,1
news,0,1,0,0
inspite,0,0,1,0
pair,1,0,0,0
stories,0,1,0,0
constituents,1,0,0,0
ter-,0,1,0,0
rorist,0,1,0,0
ldc,0,0,0,1
belongs,0,1,1,0
upenn,0,0,0,1
1700,0,1,0,0
edu/,0,0,0,2
ceptua,1,0,0,0
divided,0,1,0,0
1999,0,0,0,1
1300,0,5,0,0
dev,0,2,0,0
100,0,6,0,0
factors,0,0,1,0
tst1,0,1,0,0
synthesis,0,0,0,2
tst2,0,1,0,0
tst3,0,1,0,0
babby,0,0,1,0
degree,1,0,0,0
1980,3,0,1,0
tst4,0,1,0,0
unless,3,2,0,0
sensit,2,0,0,0
otherwise,0,1,0,0
ivity,1,0,0,0
animate,0,0,1,0
www,0,0,0,3
disc2,0,0,0,1
inanimate,0,0,1,0
dk/tools/sgsurvey,0,0,0,1
subject;,0,0,1,0
html,0,0,0,3
attaching,1,0,0,0
referentiality,0,0,1,0
andrew,0,0,0,1
training/test,0,1,0,0
non-referentiality,0,0,1,0
1997,0,0,0,1
comps?peech,0,0,0,1
pred,1,0,0,0
ject;,0,0,1,0
icates,1,0,0,0
vious,1,1,0,0
topic-focus,0,0,1,0
fife,0,0,0,1
articulation,0,0,1,0
lock,1,0,0,0
cmu,0,0,0,1
edu/comp,0,0,0,1
non-,0,0,1,0
speech/,0,0,0,1
sentence;,0,0,1,0
leah,0,0,0,1
200,0,2,0,0
certain,5,0,0,0
2002,0,0,0,1
tst1+tst2,0,1,0,0
tuning,0,1,0,0
ee649,0,0,0,1
hold,1,0,0,0
lectures,0,0,0,1
true,2,0,0,0
recapitulate,0,0,1,0
tst3+tst4,0,1,0,0
shay,0,0,0,1
blind,0,1,0,0
ecn,0,0,0,2
edu/ee649/,0,0,0,1
demand,1,0,0,0
notes/,0,0,0,1
kenji,0,0,0,1
www-a2k,0,0,0,1
reso,1,0,0,0
tor,0,1,0,0
lve,2,0,0,0
individuals,0,1,0,0
tokushima-u,0,0,0,1
perpetrator,0,1,0,0
ac,0,0,0,1
ambiguities,1,0,0,0
organizations,0,2,0,0
jp/member/kita/nlp/,0,0,0,1
physi-,0,1,0,0
robustness,1,0,0,0
io,2,0,2,0
\]l,0,0,1,0
elsnet,0,0,0,1
rlekchqecxasl,0,0,1,0
org/toolslist,0,0,0,1
insensitive,1,0,0,0
120,0,4,0,0
cemahthka,0,0,2,0
ffayi,0,0,1,0
chin-hui,0,0,0,1
phrasing,1,0,0,0
fffi-97k-,0,0,1,0
variations,1,0,0,0
promed-mail2,0,1,0,0
nsf,0,0,0,1
boi,0,0,1,0
y__,0,0,1,0
explicit,2,0,0,0
cliabckhfi,0,0,1,0
electronic,0,1,0,0
accounted,1,0,0,0
reporting,1,1,0,0
__m,0,0,1,0
homiahit,0,0,1,0
ece,0,0,0,1
jldi,0,0,1,0
gatech,0,0,0,1
edu/chl/ngasr03/,0,0,0,1
--,1,0,1,0
diseases,0,2,0,0
__,0,0,1,0
christopher,0,0,0,1
nsacrrh,0,0,1,0
paired,0,1,0,0
-b6,0,0,1,0
converts,4,0,0,0
cn,0,0,1,0
eq,0,0,1,0
out-,2,0,0,0
erm,0,0,1,0
meta-index,0,0,0,1
put,2,0,0,0
www-nlp,0,0,0,1
templates,0,2,0,0
cucrem,0,0,1,0
9tah-2,0,0,1,0
oth-,0,1,0,0
links/,0,0,0,1
erwise,0,1,0,0
hayxa,0,0,3,0
apy,0,0,1,0
m_,0,0,1,0
joseph,0,0,0,1
_oaa,0,0,1,0
/i,0,0,1,0
oakr,0,0,1,0
co6,0,0,1,0
rne,0,0,1,0
cavs,0,0,0,1
otteaxa,0,0,1,0
msstate,0,0,0,1
5-fold,0,3,0,0
edu/hse/ies/,0,0,0,1
cross,0,1,0,0
hayka,0,0,1,0
projects/speech/,0,0,0,1
validation,0,1,0,0
be___,0,0,1,0
lawrence,0,0,0,2
onur,0,0,1,0
cemanrxqecxofi,0,0,1,0
teopha,0,0,1,0
tutorial,0,0,0,1
hosoe,0,0,1,0
victims3,0,1,0,0
unlike,0,1,0,0
3apy6exnofi,0,0,1,0
aanns,0,0,1,0
crnxe,0,0,1,0
hporpecc,0,0,1,0
ieee,0,0,0,1
77,0,3,0,1
50-176,0,0,1,0
3a,0,0,1,0
257–286,0,0,0,1
collections,0,1,0,0
naan,0,0,1,0
k,3,0,3,0
biing-hwang,0,0,0,1
fpammataqecxhfl,0,0,1,0
cjlobapb,0,0,1,0
yccxoro,0,0,1,0
fundamentals,0,0,0,1
sla,0,0,1,0
caosonzmeaeahe,0,0,1,0
half,0,1,0,0
prentice-hall,1,0,0,1
upper,2,0,0,1
saddle,0,0,0,1
arti-,0,1,0,0
nhanax,0,0,1,0
river,0,0,0,1
cles,0,1,0,0
aa,0,0,1,0
nj,0,0,0,1
141,0,0,0,1
fields,11,0,0,0
la___,0,0,1,0
y_qe,0,0,1,0
incident4,0,1,0,0
ba__e,0,0,1,0
loa,0,0,1,0
80,0,4,0,0
em,0,0,1,0
otpht,0,0,1,0
joined,0,0,0,1
ahh,0,0,1,0
chhtakchc,0,0,1,0
faculty,0,0,0,1
articles,0,1,0,0
hjih,0,0,1,0
nparmataxa?,0,0,1,0
ease,0,1,0,0
hth,0,0,1,0
cep,0,0,1,0
she,0,0,0,2
holds,0,0,0,1
keys,0,10,0,0
kpujlon,0,0,1,0
c_,0,0,1,0
rank,0,0,0,1
professor,0,0,0,1
crpyktype/1okymehtailbhofi,0,0,1,0
i/ii,0,0,1,0
empty,0,1,0,0
fro,0,0,1,0
pyccxo,0,0,1,0
electrical,0,0,0,1
jiekchkojiophh,0,0,1,0
tokens,1,0,0,0
es-,0,1,0,0
pecially,0,1,0,0
tezac,0,0,1,0
susceptible,0,1,0,0
recently,0,0,0,2
koh0e\,0,0,1,0
finished,0,0,0,1
false,0,3,0,0
[,0,0,1,0
hits,0,3,0,0
slightly,0,0,0,1
group-,2,0,0,0
hh,0,0,1,0
field-,1,0,0,0
mamhmmmy,0,0,1,0
0oh,0,0,1,0
pyccxoro,0,0,1,0
az,0,0,1,0
axa,0,0,1,0
director,0,0,0,1
connectivity,2,0,0,0
lqa,0,0,1,0
communication,0,0,0,2
concept-to-,1,0,0,0
cemahthqecko,0,0,1,0
linkage,1,0,0,0
acchoaxauha,0,0,1,0
national,2,2,0,1
bpemehhbix,0,0,1,0
\[ffrepmhhahtob,0,0,1,0
foundation,0,0,0,1
npe,0,0,1,0
template,0,4,0,0
per,0,3,0,0
kehha,0,0,1,0
to-field,1,0,0,0
kh,0,0,1,0
3bik,0,0,1,0
chctema,0,0,1,0
nat-,0,0,0,1
connec-,1,0,0,0
ural,0,0,0,1
oyhk,0,0,1,0
hohhponahhe,0,0,1,0
ple,3,2,0,0
multimodal,0,0,0,1
ila_,0,0,1,0
focuses,0,1,0,1
nlyqena,0,0,1,0
accurately,0,1,0,0
buno,0,0,1,0
tracting,0,1,0,0
ttma,0,0,1,0
cnoco6hoctb,0,0,1,0
ho,0,0,1,0
i\[qhhtiitb,0,0,1,0
koc11ehhia/h,0,0,1,0
bonpoc,0,0,1,0
h3,0,0,1,0
cemahthki!,0,0,1,0
tem-,1,1,0,0
caoaa,0,0,1,0
incorporating,0,0,0,1
plate,0,1,0,0
multiple,1,1,0,1
3sanae,0,0,1,0
rahenhe,0,0,1,0
prosodic,0,0,0,1
concerned,1,1,0,0
33-46,1,0,1,0
coreference,0,2,0,0
resolution,1,2,0,0
visual,0,0,0,1
traversed,1,0,0,0
bottom,2,0,0,0
-abulary,0,0,1,0
center,0,0,0,1
hague,0,0,2,0
1966,0,0,2,0
advanced,0,0,0,1
dahl,0,0,1,0
study,2,1,0,1
periments,0,1,0,0
grcn,0,0,1,0
kind,0,1,1,0
maryland,1,0,0,1
tyl,0,0,1,0
college,2,0,0,1
es,0,0,1,0
park,2,1,0,1
individually,0,1,0,0
md,1,0,0,1
20742-0025;,0,0,0,1
e-mail,0,0,0,1
e-pr-esentat--,0,0,1,0
ion_-in,0,0,1,0
scoring,0,1,0,0
11-th,0,0,1,0
internatmnal,0,0,1,0
mharper,0,0,0,1
casl,0,0,0,1
umd,0,0,0,1
edu;,0,0,0,1
url,0,0,0,1
coling-1986,0,0,1,0
yara,0,0,0,1
bonn,0,0,2,0
edu/?harper,0,0,0,1
142,0,0,0,1
,0,0,0,0
216-,0,0,1,0
mapped,2,0,0,0
221,0,0,1,0
la,7,1,1,0
iogique,0,0,1,0
gradual,1,0,0,0
des,0,0,1,0
2http,0,1,0,0
anglaises,0,0,1,0
//www,0,1,0,0
promedmail,0,1,0,0
c0mple-na,0,0,1,0
org,0,1,0,0
predicatif,0,0,1,0
3the,0,1,0,0
“victims”,0,1,0,0
animals,0,1,0,0
plants,0,1,0,0
36-80,0,0,1,0
4with,0,1,0,0
1paducheva,0,0,1,0
incidents,7,1,0,0
resfrietions,0,0,1,0
sundheim,0,2,0,0
sifications,0,0,1,0
5pronouns,0,1,0,0
discarded,0,1,0,0
pre-connected,1,0,0,0
coling-90,0,0,1,0
ree,2,0,0,0
13-th,0,0,1,0
international,0,6,1,0
removal,1,0,0,0
res-,0,1,0,0
helsinki,0,0,1,0
olution,0,1,0,0
1990,0,0,1,0
duplicate,2,1,0,0
telling,0,0,1,0
pragmatics,0,0,1,0
dordrecht,0,0,1,0
document,0,4,0,0
reidel,0,0,1,0
conflated,0,1,0,0
be-,0,1,0,0
fore,0,1,0,0
explorations,0,0,1,0
scored,0,1,0,0
reated,1,0,0,0
count,1,1,0,0
te,3,0,0,0
sebe0k-,0,0,1,0
trends,0,0,1,0
miss,0,1,0,0
linguisti,0,0,1,0
baselines,0,8,0,0
1ii,0,0,1,0
lds,1,0,0,0
mouton,0,0,1,0
395-477,0,0,1,0
compar-,0,1,0,0
ruc,2,0,0,0
isons,0,1,0,0
primitives,0,0,1,0
re,7,0,0,0
frankfurt/m,0,0,1,0
lec,2,0,0,0
iii,1,0,1,0
ts,1,0,0,0
n-aiim,0,0,1,0
baseline,0,18,0,0
autoslog-ts,0,7,0,0
amster-,0,0,1,0
ffam,0,0,1,0
ei,0,0,1,0
--jo-0tm,0,0,1,0
weakly-supervised,0,1,0,0
benjamins,0,0,1,0
197-,0,0,1,0
traverses,1,0,0,0
avail-,1,1,0,0
erates,1,0,0,0
statement,1,1,0,0
event-based,0,2,0,0
keywords,1,0,0,0
plied,0,1,0,0
investigated,1,0,0,0
breaking,1,0,0,0
base-,0,3,0,0
parts,1,0,0,0
trained,0,13,0,0
analogous,0,1,0,0
calls,2,0,0,0
ceptual,1,0,0,0
schema,3,0,0,0
conse-,0,2,0,0
quently,0,2,0,0
re-arrange,1,0,0,0
akin,0,1,0,0
tra-,0,1,0,0
ditional,0,1,0,0
supervised,0,2,0,0
learning-based,0,2,0,0
classi-,0,1,0,0
fier,0,1,0,0
translators,2,0,0,0
formula,0,1,0,0
trans,1,0,0,0
access-path,1,0,0,0
quel,3,0,0,0
weka,0,3,0,0
witten,0,4,0,0
frank,0,4,0,0
ingres,7,0,0,0
\[stony6\],1,0,0,0
jersey,0,3,0,0
february,2,2,0,0
26,0,4,0,0
ebola,0,2,0,0
confirmed,0,1,0,0
mercer,0,2,0,0
world-wide,1,0,0,0
county,0,2,0,0
wwdms,9,0,0,0
teenage,0,2,0,0
\[hone76\],2,0,0,0
boys,0,2,0,0
department,1,0,0,0
contracted,0,1,0,0
defense,1,0,0,0
deadly,0,1,0,0
virus,0,1,0,0
handles,2,0,0,0
unknown,0,1,0,0
path,1,0,0,0
informa-,2,3,0,0
cdc,0,1,0,0
investigating,0,1,0,0
taking,0,1,0,0
cult,2,0,0,0
measures,0,1,0,0
prevent,0,1,0,0
spread,0,1,0,0
highly,1,0,0,0
procedural,3,0,0,0
sent,1,0,0,0
submitted,1,0,0,0
direct,3,0,0,0
annotated,0,2,0,0
pdp-ii/70,1,0,0,0
testing,1,0,0,0
train,0,2,0,0
pdp-,1,0,0,0
11/70,2,0,0,0
honeywell,3,0,0,0
h6000,1,0,0,0
descript,1,0,0,0
positive,0,3,0,0
appli-,2,0,0,0
noisy,0,3,0,0
cation,4,0,0,0
metro,11,0,0,0
monitoring,1,0,0,0
155,0,1,0,0
perpind,0,5,0,0
shipping,2,0,0,0
perporg,0,3,0,0
transac-,2,0,0,0
victim,0,12,0,0
weapon,0,5,0,0
companies,11,0,0,0
metropolis,1,0,0,0
located,1,0,0,0
neighbor-,1,0,0,0
33,0,7,0,0
hoods,1,0,0,0
49,0,13,0,0
40,0,9,0,0
52,0,9,0,0
rents,1,0,0,0
warehouse,3,0,0,0
41,0,15,0,0
space,1,0,0,0
54,0,8,0,0
59,0,5,0,0
shipping/recelving,1,0,0,0
56,0,12,0,0
51,0,11,0,0
38,0,7,0,0
44,0,14,0,0
ices,2,0,0,0
sem,0,6,0,0
receive,1,0,0,0
48,0,4,0,0
goods,1,0,0,0
43,0,13,0,0
36,0,9,0,0
58,0,8,0,0
45,0,7,0,0
telat,1,0,0,0
46,0,10,0,0
53,0,8,0,0
34,0,6,0,0
navigational,2,0,0,0
stored,12,0,0,0
records,10,0,0,0
00,0,4,0,0
05,0,2,0,0
predefined,1,0,0,0
root,2,0,0,0
70,0,4,0,0
25,0,2,0,0
31,0,7,0,0
42,0,7,0,0
04,0,2,0,0
07,0,1,0,0
17,0,1,0,0
15,1,1,0,0
24,0,1,0,0
67,0,2,0,0
75,0,2,0,0
23,0,2,0,0
02,0,1,0,0
airep,7,0,0,0
adp,1,0,0,0
60,0,3,0,0
hardware,1,0,0,0
failures,1,0,0,0
47,0,8,0,0
20,1,1,0,0
active,5,0,0,0
73,0,3,0,0
29,1,1,0,0
maintained,1,0,0,0
solved,2,0,0,0
moved,1,0,0,0
lem,1,0,0,0
\[s,1,0,0,0
reported,2,3,0,0
once,1,0,0,0
undesirable,0,1,0,0
abbre-,1,0,0,0
viated,1,0,0,0
record,8,0,0,0
“man”,0,3,0,0
addit,2,0,0,0
report,6,3,0,0
vic-,0,1,0,0
tim,0,1,0,0
dupl,2,0,0,0
icate,2,0,0,0
sites,1,0,0,0
solu-,1,0,0,0
applicant,12,0,0,0
pletely,1,1,0,0
tional,3,1,0,0
metrics,0,1,0,0
exper-,0,1,0,0
iments,0,1,0,0
job,3,1,0,0
precision,0,8,0,0
applicants,7,0,0,0
recall,0,7,0,0
backgrounds,1,0,0,0
f-score,0,3,0,0
central,1,0,0,0
equally,0,1,0,0
weighted,0,1,0,0
icant,2,0,0,0
specialties,1,0,0,0
thresh-,0,1,0,0
employ-,1,0,0,0
distinguishing,0,1,0,0
nega-,1,1,0,0
classes,0,2,0,0
dif,8,0,0,0
chat,2,0,0,0
sifier,0,2,0,0
real-world,1,0,0,0
entit,6,0,0,0
tems,2,3,0,0
coming,1,0,0,0
open-ended,1,0,0,0
comparably,0,1,0,0
domains,3,0,0,0
threshold,0,4,0,0
reach,0,1,0,0
comparable,0,2,0,0
success,1,0,0,0
numbers,0,2,0,0
board,0,1,0,0
corpora,0,1,0,0
challenging,0,1,0,0
mini-,1,0,0,0
re-,0,4,0,0
sults,0,2,0,0
dec,1,0,0,0
suggest,0,1,0,0
pdp,1,0,0,0
competitive,0,1,0,0
analyzed,1,0,0,0
translated,2,0,0,0
fifteen,1,0,0,0
seconds,1,0,0,0
grammatica,1,0,0,0
compares,0,1,0,0
incorrect,2,0,0,0
spel-,2,0,0,0
ling,2,0,0,0
corrector,2,0,0,0
quality,0,2,0,0
strips,1,0,0,0
inf,1,0,0,0
ings,3,3,0,0
tential,0,2,0,0
inflected,1,0,0,0
expl,2,0,0,0
icit,1,0,0,0
core,0,1,0,0
contributions,0,1,0,0
replace,1,0,0,0
dic,1,0,0,0
accommodate,1,0,0,0
personal,1,0,0,0
jargon,1,0,0,0
expressabi,1,0,0,0
administrator,1,0,0,0
define,3,2,0,0
profi,1,0,0,0
les,2,0,0,0
decide,1,1,0,0
imited,2,0,0,0
muc-,0,1,0,0
ideally,0,1,0,0
strategy,2,1,0,0
operate,0,1,0,0
independently,0,1,0,0
paraphrase,1,0,0,0
recognit,1,0,0,0
perpetrators,0,1,0,0
complicat,1,0,0,0
ship,6,0,0,0
locations,0,1,0,0
vessel,1,0,0,0
send,1,0,0,0
iden-,0,1,0,0
tify,0,1,0,0
mult,1,0,0,0
iple,1,0,0,0
ini,1,0,0,0
york,4,2,0,0
explored,0,1,0,0
despite,1,0,0,0
imita-,1,0,0,0
judgements,0,2,0,0
annotation,0,3,0,0
argued,0,1,0,0
appropriately,1,0,0,0
logical,5,0,0,0
ands,2,0,0,0
ors,1,0,0,0
vice-versa,1,0,0,0
circumstances,1,0,0,0
calculat,3,0,0,0
average,4,0,0,0
user-defined,1,0,0,0
marine,1,0,0,0
great-c,1,0,0,0
irc,1,0,0,0
le,10,0,0,0
tance,1,0,0,0
user-function,1,0,0,0
annotations,0,16,0,0
supported,3,1,0,0
involving,1,0,0,0
alterna-,0,1,0,0
comparisons,1,0,0,0
humans,0,1,0,0
j123,1,0,0,0
chal-,0,1,0,0
lenging,0,1,0,0
point,2,0,0,0
interval,1,0,0,0
consensus,0,1,0,0
measure,1,0,0,0
6a,0,1,0,0
ter,2,1,0,0
patward-,0,1,0,0
codasyl-type,1,0,0,0
han,0,1,0,0
icult,10,0,0,0
nav,2,0,0,0
igat,2,0,0,0
para,1,0,0,0
156,0,1,0,0
cons,1,0,0,0
methodology,1,0,0,0
non-key,1,0,0,0
acc,0,3,0,0
pr,0,6,0,0
rec,0,6,0,0
identical,1,0,0,0
57,0,5,0,0
55,0,9,0,0
86,0,7,0,0
87,0,5,0,0
81,0,5,0,0
correctly,1,3,0,0
91,0,8,0,0
85,0,5,0,0
88,0,4,0,0
68,0,1,0,0
ionsh,1,0,0,0
ip,1,0,0,0
84,0,4,0,0
93,0,1,0,0
83,0,6,0,0
wh,2,0,0,0
ich,2,0,0,0
ther,3,0,0,0
82,0,3,0,0
64,0,3,0,0
92,0,2,0,0
cw,2,0,0,0
conta,1,0,0,0
ins,3,0,0,0
79,0,4,0,0
62,0,6,0,0
iness,3,0,0,0
contact,1,0,0,0
ask,5,0,0,0
61,2,4,0,0
id,2,0,0,0
lon,2,0,0,0
72,0,4,0,0
ta,5,0,0,0
74,0,2,0,0
78,1,1,0,0
super,2,0,0,0
95,0,1,0,0
r?,2,0,0,0
76,0,1,0,0
•,2,0,0,0
beg,1,0,0,0
89,0,4,0,0
recognizers,0,1,0,0
cross-validation,0,2,0,0
keeps,1,0,0,0
journal,1,1,0,0
user-system,1,0,0,0
module-to-module,1,0,0,0
94,0,2,0,0
98,0,1,0,0
cer,1,0,0,0
cir-,1,0,0,0
cumstances,1,0,0,0
sensitive,1,0,0,0
affecting,1,0,0,0
taken,0,1,0,0
sentence?,0,1,0,0
loosely,1,0,0,0
classif,1,0,0,0
obvious,0,1,0,0
qaeda,0,2,0,0
operatives,0,1,0,0
at-,0,1,0,0
tack,0,1,0,0
madrid,0,2,0,0
overlap,1,0,0,0
subway,0,1,0,0
criteria,1,0,0,0
evaluating,1,0,0,0
population,0,1,0,0
officials,0,1,0,0
stepped,0,1,0,0
primary,1,0,0,0
tackled,0,1,0,0
creating,1,1,0,0
defining,1,0,0,0
notation,0,1,0,0
conducting,0,1,0,0
discus-,1,0,0,0
annota-,0,2,0,0
delineated,0,1,0,0
associ-,1,0,0,0
ated,1,0,0,0
systematic,1,0,0,0
acquisi-,1,0,0,0
constrained,0,1,0,0
annotators,0,2,0,0
wish,2,0,0,0
mur-,0,1,0,0
der,0,1,0,0
peru,0,1,0,0
collect,1,0,0,0
statist,1,0,0,0
filled,0,1,0,0
appli,1,0,0,0
cants,1,0,0,0
labeled,0,4,0,0
judges,0,2,0,0
interac-,2,0,0,0
anno-,0,2,0,0
tated,0,1,0,0
cooperative,1,0,0,0
dialogues,1,0,0,0
anguage,1,0,0,0
protoco,1,0,0,0
ls,2,0,0,0
docu-,0,1,0,0
ments,0,1,0,0
ted,4,0,0,0
compute,0,1,0,0
inter-annotator,0,1,0,0
cohen’s,0,2,0,0
forces,2,0,0,0
europe,1,0,0,0
difficulty,0,1,0,0
nato,1,0,0,0
satisfied,0,1,0,0
importance,1,0,0,0
potential,2,0,0,0
well-defined,0,1,0,0
tations,0,1,0,0
lopers,1,0,0,0
underestimated,1,0,0,0
bas,1,0,0,0
fo,4,0,0,0
de,2,0,0,0
training/testing,0,3,0,0
eventual,1,0,0,0
acceptance,1,0,0,0
rejection,1,0,0,0
sys,3,0,0,0
recogn,1,0,0,0
combinations,0,1,0,0
datum,1,0,0,0
smallest,1,0,0,0
piece,1,0,0,0
obtainable,1,0,0,0
performed,0,1,0,0
north,6,0,0,0
hills,5,0,0,0
shipped,4,0,0,0
light,2,0,0,0
freight,5,0,0,0
svmlight,0,2,0,0
superior?,1,0,0,0
returns,1,0,0,0
colonial,1,0,0,0
supreme,4,0,0,0
f-scores,0,2,0,0
qualify,1,0,0,0
rows,0,2,0,0
ans,0,1,0,0
superior,1,2,0,0
mod-,0,1,0,0
els,0,1,0,0
hum,0,2,0,0
alphanumeric,1,0,0,0
left,0,2,0,0
nizing,1,0,0,0
selectors,1,0,0,0
evalua-,0,1,0,0
nize,1,0,0,0
expects,0,1,0,0
tested,0,3,0,0
recognized,8,0,0,0
bear,0,1,0,0
boldfaced,0,1,0,0
rep-,0,1,0,0
resent,0,1,0,0
correction,2,0,0,0
accuracies,0,1,0,0
spelling,2,0,0,0
do-,0,1,0,0
locate,1,0,0,0
expect,0,1,0,0
unrecog-,1,0,0,0
nized,1,0,0,0
achieving,0,2,0,0
spell,6,0,0,0
157,0,1,0,0
small,4,0,0,0
_values,1,0,0,0
va,3,1,0,0
lues,1,0,0,0
become,2,0,0,0
unwieldy,1,0,0,0
itemize,1,0,0,0
nb/nb,0,7,0,0
yy/mm/dd,1,0,0,0
matching,1,1,0,0
nb/svm,0,6,0,0
nn/nn/nn,1,0,0,0
dates,2,0,0,0
66,0,2,0,0
icants,6,0,0,0
lastname,1,0,0,0
\[harr78,1,0,0,0
edp82\],1,0,0,0
iat,1,0,0,0
ac-,0,1,0,0
curacy,0,1,0,0
sat,1,0,0,0
isfactory,1,0,0,0
solution,4,0,0,0
higher,0,1,0,0
forced,0,1,0,0
suitable,1,0,0,0
advantages,0,1,0,0
disad-,1,0,0,0
vantages,1,0,0,0
“event-ish”,0,1,0,0
showed,0,2,0,0
outperform,0,1,0,0
cotp,1,0,0,0
luxury,0,1,0,0
enormous,1,0,0,0
prol,1,0,0,0
noisier,0,1,0,0
ferat,1,0,0,0
concurrency,1,0,0,0
directed,2,0,0,0
creative,1,0,0,0
albeit,0,1,0,0
affect,1,1,0,0
compared,0,1,0,0
manu-,0,1,0,0
open,3,0,0,0
ally,0,1,0,0
ended,1,0,0,0
decreases,0,1,0,0
employers,1,0,0,0
designer,1,0,0,0
achieves,0,1,0,0
treat,3,0,0,0
retr,4,0,0,0
ieve-only,3,0,0,0
pared,0,1,0,0
selec-,1,0,0,0
criterion,1,0,0,0
manually,0,1,0,0
enforced,1,0,0,0
probably,1,0,0,0
really,1,0,0,0
fit,1,0,0,0
variat,2,0,0,0
middle,1,0,0,0
ini-,1,0,0,0
title,1,0,0,0
dr,1,0,0,0
jr,1,0,0,0
unsat,1,0,0,0
factory,1,0,0,0
any-,1,0,0,0
trivial,1,0,0,0
inverted,1,0,0,0
easi,1,0,0,0
synonyms,1,0,0,0
inef,1,0,0,0
iency,2,0,0,0
accessing,1,0,0,0
unrecognized,1,0,0,0
culty,1,0,0,0
knowing,1,0,0,0
ob-,0,2,0,0
tain,0,1,0,0
shared,1,0,0,0
nps,0,1,0,0
default,1,1,0,0
served,0,1,0,0
talk,1,0,0,0
ferently,1,0,0,0
encounter,2,0,0,0
asks,2,0,0,0
imple-,0,1,0,0
mentation,0,1,0,0
colo-,1,0,0,0
nial,1,0,0,0
us-,0,1,0,0
outperforms,0,4,0,0
specialt,8,0,0,0
accounting,1,0,0,0
clerk,1,0,0,0
gardener,2,0,0,0
specialty,7,0,0,0
unfortunately,1,0,0,0
margin,0,1,0,0
jumped,0,2,0,0
evoke,1,0,0,0
programmers,1,0,0,0
cobol?,4,0,0,0
gains,0,1,0,0
came,0,1,0,0
increased,1,2,0,0
demonstrating,0,1,0,0
1982?,1,0,0,0
notice,2,0,0,0
extracts,0,2,0,0
missed,0,1,0,0
intro-,1,1,0,0
duced,1,0,0,0
prone,0,1,0,0
inferior,0,1,0,0
isa,2,0,0,0
hierarchy,3,0,0,0
perpetrating,0,1,0,0
158,0,1,0,0
far,0,1,0,0
removed,0,1,0,0
subset,4,0,0,0
ample,0,1,0,0
believed,0,1,0,0
subconcepts,1,0,0,0
\[sa,1,0,0,0
ineff,1,0,0,0
icient,1,0,0,0
subspecialty,1,0,0,0
subspecialt,2,0,0,0
sizes,0,1,0,0
intend,0,1,0,0
explore,0,1,0,0
avenues,0,1,0,0
thevictim,0,1,0,0
i0,1,0,0,0
find,0,1,0,0
skill,1,0,0,0
update,3,0,0,0
lue,2,0,0,0
ace,2,0,0,0
f-,0,1,0,0
uniform,2,0,0,0
adding,1,0,0,0
improvement,0,1,0,0
mostly,0,1,0,0
increase,0,1,0,0
someone,1,0,0,0
wi,2,0,0,0
categor,1,0,0,0
elimi-,0,1,0,0
ze,1,0,0,0
rarchy,2,0,0,0
pos,1,0,0,0
automation,1,0,0,0
how-,1,1,0,0
ever,1,1,0,0
achieve,0,1,0,0
pract,1,0,0,0
unt,1,0,0,0
cost,0,1,0,0
app,3,0,0,0
loss,0,1,0,0
installed,1,0,0,0
tractions,0,1,0,0
failed,0,1,0,0
driving,1,0,0,0
developer,1,0,0,0
restructuring,1,0,0,0
underlined,0,1,0,0
spite,0,1,0,0
handcrafted,1,0,0,0
inconclusive,0,1,0,0
done,3,0,0,0
policemen,0,3,0,0
clearly,1,0,0,0
traveling,0,2,0,0
facil,1,0,0,0
bridge,0,2,0,0
itating,1,0,0,0
tab,1,0,0,0
-ass,1,0,0,0
manages,0,1,0,0
ponents,0,1,0,0
prerequisite,1,0,0,0
prac-,1,0,0,0
impossible,0,1,0,0
tical,1,0,0,0
relying,0,1,0,0
mnr,0,1,0,0
january,3,1,0,0
armed,0,2,0,0
men,0,2,0,0
civilian,0,1,0,0
clothes,0,1,0,0
intercepted,0,1,0,0
vehicle,0,1,0,0
oqueli,0,1,0,0
frame-,1,0,0,0
flores,0,1,0,0
enroute,0,1,0,0
aurora,0,1,0,0
airport,0,1,0,0
political,0,1,0,0
resolve,1,0,0,0
leaders,0,1,0,0
ambi-,1,0,0,0
guity,1,0,0,0
kidnapped,0,1,0,0
missing,1,1,0,0
technique,1,0,0,0
scant,0,1,0,0
police,0,1,0,0
said,0,1,0,0
devices,0,2,0,0
apparently,0,1,0,0
front,3,1,0,0
bank,0,1,0,0
branches,0,1,0,0
anaphora,1,0,0,0
minutes,1,1,0,0
ellipsis,1,0,0,0
curfew,0,1,0,0
began,0,1,0,0
6th,0,1,0,0
consecutive,0,1,0,0
desirable,2,0,0,0
day,1,1,0,0
allow,1,0,0,0
counter,0,1,0,0
elliptical,1,0,0,0
drug,0,1,0,0
traffickers,0,1,0,0
wounded,0,1,0,0
employees,0,2,0,0
c?,1,0,0,0
gas,0,3,0,0
station,0,3,0,0
live,2,0,0,0
california?,1,0,0,0
car,1,1,0,0
nevada?,1,0,0,0
went,0,1,0,0
pascal?,1,0,0,0
walking,0,1,0,0
biggest,1,0,0,0
scope,3,0,0,0
moment,0,1,0,0
explosion,0,1,0,0
members,1,1,0,0
wishes,1,0,0,0
squad,0,1,0,0
deactivated,0,1,0,0
powerful,0,1,0,0
planted,0,1,0,0
pascal,1,0,0,0
andres,0,1,0,0
avelino,0,1,0,0
caceres,0,1,0,0
president,0,2,0,0
alan,0,2,0,0
garcia,0,2,0,0
ve,1,0,0,0
nevada,1,0,0,0
participate,1,1,0,0
lu,1,0,0,0
commemoration,0,1,0,0
battle,0,1,0,0
tarapaca,0,1,0,0
rov,1,0,0,0
ide,3,0,0,0
commands,1,0,0,0
epl,0,1,0,0
[popular,0,1,0,0
liberation,0,1,0,0
army],0,1,0,0
guerrillas,0,1,0,0
blew,0,1,0,0
subsets,1,0,0,0
public,0,2,0,0
removes,1,0,0,0
ambiguity,1,0,0,0
speeds,1,0,0,0
crossing,0,1,0,0
retrieval,5,1,0,0
venting,0,1,0,0
toward,1,1,0,0
conclusions,1,1,0,0
aware,1,0,0,0
accessed,1,0,0,0
pro,1,0,0,0
jec,1,0,0,0
bet-,0,1,0,0
jo,3,0,0,0
fu-,0,1,0,0
dynamical,1,0,0,0
temporari,1,0,0,0
adapt,0,1,0,0
weakly,0,1,0,0
super-,0,1,0,0
vised,0,1,0,0
plan,0,1,0,0
intell,1,0,0,0
investigate,0,1,0,0
respond,1,0,0,0
promptly,1,0,0,0
effects,0,1,0,0
acknowledgments,0,1,0,0
message,1,2,0,0
partment,0,1,0,0
homeland,0,1,0,0
grant,0,1,0,0
n0014-07-,0,1,0,0
1-0152,0,1,0,0
typographical,1,0,0,0
grateful,0,1,0,0
nathan,0,1,0,0
interacting,1,0,0,0
gilbert,0,1,0,0
adam,0,1,0,0
teichert,0,1,0,0
collective,0,1,0,0
formation,0,2,0,0
net-,0,1,0,0
42nd,0,1,0,0
annual,1,5,0,0
failure,2,0,0,0
meet-,0,1,0,0
association,1,5,0,0
linguis-,0,1,0,0
438–445,0,1,0,0
barcelona,0,1,0,0
spain,0,1,0,0
july,1,3,0,0
wel,1,0,0,0
formedness,1,0,0,0
iceab,1,0,0,0
177–210,0,1,0,0
unrecognizable,1,0,0,0
december,0,1,0,0
ng,0,1,0,0
loca-,1,0,0,0
closing,0,1,0,0
tlon,1,0,0,0
gap,1,1,0,0
hills?,1,0,0,0
rival-,0,1,0,0
knowledge-engineering,0,1,0,0
proceed-,2,3,0,0
41st,0,1,0,0
appllcacion,1,0,0,0
meeting,0,4,0,0
derivable,1,0,0,0
recognizable,1,0,0,0
216–223,0,1,0,0
sap-,0,1,0,0
poro,0,1,0,0
japan,0,1,0,0
beyond,0,1,0,0
interpreting,1,0,0,0
inde-,0,1,0,0
pendence,0,1,0,0
optimality,0,1,0,0
sim-,0,1,0,0
mohawk,3,0,0,0
bayesian,0,2,0,0
to?,1,0,0,0
thir-,0,1,0,0
teenth,0,1,0,0
learn-,0,1,0,0
105–112,0,1,0,0
bari,0,1,0,0
italy,0,1,0,0
panies,2,0,0,0
receiving,2,0,0,0
grenager,0,1,0,0
offices,1,0,0,0
panies;,1,0,0,0
corporating,0,1,0,0
non-local,0,1,0,0
office,1,0,0,0
nor,1,0,0,0
gibbs,0,1,0,0
43rd,0,1,0,0
363–370,0,1,0,0
ann,0,1,0,0
arbor,0,1,0,0
system;,1,0,0,0
mi,0,1,0,0
june,2,6,0,0
succeeds,1,0,0,0
fails,2,0,0,0
completely,1,0,0,0
yes/no,3,0,0,0
normal,1,0,0,0
learned,0,1,0,0
stochastic,0,1,0,0
optimization,0,1,0,0
sev-,0,1,0,0
enteenth,0,1,0,0
abil,1,0,0,0
intelli-,0,2,0,0
gence,0,2,0,0
yes,3,0,0,0
584–589,0,1,0,0
austin,0,1,0,0
tx,0,1,0,0
maps,1,0,0,0
general-purpose,0,1,0,0
36th,0,1,0,0
identifier,1,0,0,0
compu-,0,1,0,0
tational,0,1,0,0
17th,0,1,0,0
cept,1,0,0,0
confer-,1,1,0,0
404–408,0,1,0,0
montreal,0,2,0,0
quebec,0,1,0,0
grishman,0,2,0,0
refining,0,1,0,0
reasons,1,0,0,0
cross-document,0,1,0,0
ceedings,0,2,0,0
acl-08,0,1,0,0
hlt,0,1,0,0
254–262,0,1,0,0
colum-,0,1,0,0
oh,0,1,0,0
smith,5,0,0,0
interviewed?,1,0,0,0
mean,2,0,0,0
sup-,1,1,0,0
port,0,1,0,0
interviews,4,0,0,0
tenth,0,1,0,0
european,0,1,0,0
interview,3,0,0,0
137–142,0,1,0,0
april,2,1,0,0
raghavan,0,1,0,0
schu¨tze,0,1,0,0
duction,0,1,0,0
possibi,1,0,0,0
versity,0,1,0,0
ny,0,2,0,0
employment,1,0,0,0
hired,2,0,0,0
45th,0,1,0,0
lin-,0,1,0,0
conjunct,3,0,0,0
guistics,0,1,0,0
592–599,0,1,0,0
prague,0,2,0,0
czech,0,2,0,0
republic,0,1,0,0
ficult,2,0,0,0
analyz-,1,0,0,0
necessar,1,0,0,0
lan-,0,3,0,0
guage,0,3,0,0
717–727,0,1,0,0
fornia,1,0,0,0
arizona,1,0,0,0
exploiting,0,1,0,0
identifying,0,1,0,0
female,2,0,0,0
advances,0,1,0,0
165–172,0,1,0,0
borovets,0,1,0,0
bul-,0,1,0,0
garia,0,1,0,0
september,0,1,0,0
uucs-04-015,0,1,0,0
untagged,0,1,0,0
thirteenth,0,1,0,0
articial,0,1,0,0
1044–1049,0,1,0,0
portland,0,1,0,0
fisher,0,1,0,0
aseltine,0,1,0,0
lehnert,0,1,0,0
residence,1,0,0,0
crystal,0,1,0,0
inducing,0,1,0,0
returned,2,0,0,0
nary,0,1,0,0
fourteenth,0,1,0,0
intelligence,0,1,0,0
1314–1319,0,1,0,0
complement,1,0,0,0
canada,0,1,0,0
fourth,0,2,0,0
operators,2,0,0,0
ference,0,1,0,0
3–21,0,1,0,0
mclean,0,1,0,0
icul,2,0,0,0
springer,0,1,0,0
presupposit,1,0,0,0
invalid,1,0,0,0
mining,0,1,0,0
especial,2,0,0,0
practical,0,1,0,0
exam-,2,0,0,0
morgan–,0,1,0,0
kaufmann,0,1,0,0
san,0,1,0,0
francisco,0,1,0,0
pany,3,0,0,0
tapanainen,0,1,0,0
hut-,0,1,0,0
tunen,0,1,0,0
nh2?,1,0,0,0
18th,0,1,0,0
putational,0,1,0,0
940–946,0,1,0,0
saarbru¨cken,0,1,0,0
germany,0,1,0,0
han-,1,0,0,0
2001,0,1,0,0
dled,1,0,0,0
obtaining,0,1,0,0
cal-,0,1,0,0
ibrated,0,1,0,0
colonial?,1,0,0,0
classiers,0,1,0,0
eighteenth,0,1,0,0
!-,1,0,0,0
operator,3,0,0,0
609–616,0,1,0,0
williamstown,0,1,0,0
160,0,1,0,0
perfect,1,0,0,0
semantical,1,0,0,0
worse,1,0,0,0
expectat,1,0,0,0
ibe,1,0,0,0
unaware,1,0,0,0
nepption,1,0,0,0
expli-,1,0,0,0
cit,1,0,0,0
negatives,1,0,0,0
\[olne78\],2,0,0,0
perishable,3,0,0,0
1976?,2,0,0,0
none,1,0,0,0
receivers,1,0,0,0
shippers,1,0,0,0
inct,1,0,0,0
closed,1,0,0,0
real,1,0,0,0
crit,1,0,0,0
rich,1,0,0,0
enough,1,0,0,0
specif,2,0,0,0
imitation,1,0,0,0
prevents,1,0,0,0
joins,2,0,0,0
edu-,1,0,0,0
corrected,1,0,0,0
subsequent,1,0,0,0
range,2,0,0,0
state-,1,0,0,0
\[ston76\],2,0,0,0
interrecord,1,0,0,0
express,2,0,0,0
unsolved?,1,0,0,0
mixed,2,0,0,0
lower,2,0,0,0
ver,1,0,0,0
leave,1,0,0,0
poss,1,0,0,0
ib,1,0,0,0
conver,1,0,0,0
enter,1,0,0,0
granular,3,0,0,0
expected,1,0,0,0
something,1,0,0,0
iven,1,0,0,0
fractions,1,0,0,0
compar,1,0,0,0
sons,1,0,0,0
sac,5,0,0,0
release,3,0,0,0
installed?,1,0,0,0
repor,2,0,0,0
month,2,0,0,0
return,2,0,0,0
nc,2,0,0,0
idents,1,0,0,0
days,1,0,0,0
led,2,0,0,0
nested,4,0,0,0
complicated,1,0,0,0
qualif,4,0,0,0
inside,1,0,0,0
clause,3,0,0,0
ident,1,0,0,0
longest,1,0,0,0
downt,1,0,0,0
ime?,1,0,0,0
rom,1,0,0,0
\[inca,1,0,0,0
id\],1,0,0,0
inca,6,0,0,0
sitename,3,0,0,0
dntm,2,0,0,0
\[retrieve,1,0,0,0
max,1,0,0,0
},2,0,0,0
enclosed,1,0,0,0
braces,1,0,0,0
removing,1,0,0,0
inner,2,0,0,0
outer,2,0,0,0
formu-,1,0,0,0
lation,1,0,0,0
ieve,2,0,0,0
\,3,0,0,0
[cc,1,0,0,0
scname\,1,0,0,0
],2,0,0,0
cc,3,0,0,0
>-,1,0,0,0
{,1,0,0,0
[avg,1,0,0,0
cct,2,0,0,0
company-,1,0,0,0
-company,1,0,0,0
transaction,1,0,0,0
scname,1,0,0,0
again,1,0,0,0
qua,2,0,0,0
ns,1,0,0,0
outs,1,0,0,0
par,1,0,0,0
manner,1,0,0,0
imi,1,0,0,0
procedure,1,0,0,0
ra,1,0,0,0
save,1,0,0,0
resu,1,0,0,0
usa,1,0,0,0
tements,1,0,0,0
ncons,1,0,0,0
tency,1,0,0,0
truly,1,0,0,0
mask,1,0,0,0
behav,1,0,0,0
ior,1,0,0,0
rocess,1,0,0,0
equ,1,0,0,0
iva,1,0,0,0
lent,1,0,0,0
retrieved,1,0,0,0
ined,1,0,0,0
displayed,1,0,0,0
acts,1,0,0,0
tuple,1,0,0,0
tup,1,0,0,0
retrieves,2,0,0,0
master,1,0,0,0
subfile,1,0,0,0
anomalies,1,0,0,0
pure,1,0,0,0
thei,1,0,0,0
treated,1,0,0,0
hierarch,1,0,0,0
ica,1,0,0,0
viewed,1,0,0,0
plus,1,0,0,0
interpreta-,1,0,0,0
tar-,1,0,0,0
considerat,1,0,0,0
lle,1,0,0,0
outside,1,0,0,0
involve,1,0,0,0
plexity,1,0,0,0
icular,1,0,0,0
decis,1,0,0,0
chain,1,0,0,0
trap,1,0,0,0
stop,1,0,0,0
meaningful,2,0,0,0
analyzable,1,0,0,0
chance,1,0,0,0
wrong,1,0,0,0
rephrased,1,0,0,0
codd,2,0,0,0
procedures,1,0,0,0
avoid,1,0,0,0
avoiding,1,0,0,0
communicat,1,0,0,0
candidates,1,0,0,0
rate,1,0,0,0
flat,1,0,0,0
quer,1,0,0,0
exp,1,0,0,0
mapp,1,0,0,0
answered,2,0,0,0
navigation,1,0,0,0
start,1,0,0,0
ies?,1,0,0,0
array,4,0,0,0
nonrelat,1,0,0,0
lonal,1,0,0,0
ieves,1,0,0,0
subscript,2,0,0,0
supp,1,0,0,0
rt,1,0,0,0
managdment,1,0,0,0
interact,1,0,0,0
ively,1,0,0,0
noc,1,0,0,0
batch,1,0,0,0
queue,1,0,0,0
nil,1,0,0,0
arithmetic,2,0,0,0
capabil,2,0,0,0
aggregate,1,0,0,0
sum,1,0,0,0
easy-to-,1,0,0,0
calculates,1,0,0,0
ported,1,0,0,0
age,1,0,0,0
today-birthdate,1,0,0,0
spe-,1,0,0,0
cial,1,0,0,0
iona,1,0,0,0
lcu,1,0,0,0
requ,1,0,0,0
nava,1,0,0,0
metadata,4,0,0,0
tell,1,0,0,0
ind,1,0,0,0
warehouses,1,0,0,0
meta-,1,0,0,0
extensions,1,0,0,0
leve,1,0,0,0
learn,1,0,0,0
mode,1,0,0,0
menus,1,0,0,0
meta,1,0,0,0
updating,1,0,0,0
avoided,1,0,0,0
tains,1,0,0,0
derlve4,1,0,0,0
risk,1,0,0,0
inadvertently,1,0,0,0
entering,1,0,0,0
incorrectly-,1,0,0,0
attempting,1,0,0,0
\[0si79\],1,0,0,0
transla-,1,0,0,0
lo,1,0,0,0
dms,1,0,0,0
paths,1,0,0,0
standardize,1,0,0,0
rapidly,2,0,0,0
vlew,1,0,0,0
modell,1,0,0,0
sidered,1,0,0,0
divorced,1,0,0,0
contents,1,0,0,0
determined,1,0,0,0
considering,1,0,0,0
allowed,1,0,0,0
accu-,1,0,0,0
rately,1,0,0,0
reflect,1,0,0,0
inferred,1,0,0,0
acknowledgements,1,0,0,0
acknowledge,1,0,0,0
contributed,1,0,0,0
david,1,0,0,0
brill,1,0,0,0
marilyn,1,0,0,0
cril-,1,0,0,0
ley,2,0,0,0
dolores,1,0,0,0
dawson,1,0,0,0
leroy,1,0,0,0
gates,1,0,0,0
iris,1,0,0,0
kameny,1,0,0,0
philip,1,0,0,0
klahr,1,0,0,0
antonio,1,0,0,0
leal,1,0,0,0
char-,1,0,0,0
lotte,1,0,0,0
linde,1,0,0,0
eric,1,0,0,0
lund,1,0,0,0
fillp,1,0,0,0
machi,1,0,0,0
ken-,1,0,0,0
neth,1,0,0,0
miller,1,0,0,0
eileen,1,0,0,0
lepoff,1,0,0,0
beatrice,1,0,0,0
oshika,1,0,0,0
roberta,1,0,0,0
peeler,1,0,0,0
douglas,1,0,0,0
pintar,1,0,0,0
arie,1,0,0,0
shoshani,1,0,0,0
martin,1,0,0,0
vago,1,0,0,0
jim,1,0,0,0
weiner,1,0,0,0
\[5,1,0,0,0
aho,1,0,0,0
ullman,1,0,0,0
vol,2,0,0,0
pp,5,0,0,0
314-23z,1,0,0,0
\[burgbff\],1,0,0,0
198z,1,0,0,0
acm/sigmod,1,0,0,0
-a,1,0,0,0
-o,1,0,0,0
cay-,1,0,0,0
-ca,1,0,0,0
14-16,1,0,0,0
198ff,1,0,0,0
pleton,1,0,0,0
recommendations,1,0,0,0
eor,1,0,0,0
n-,1,0,0,0
-24890/021/00,1,0,0,0
1982,2,0,0,0
steps,1,0,0,0
casual,2,0,0,0
proc,1,0,0,0
ifip,1,0,0,0
tc-2,1,0,0,0
working,1,0,0,0
emen,1,0,0,0
ystems,1,0,0,0
gese,1,0,0,0
corsica,1,0,0,0
1-5,1,0,0,0
kimbie,1,0,0,0
koffeman,1,0,0,0
eds,1,0,0,0
north-holland,1,0,0,0
cullinane,1,0,0,0
iqs,1,0,0,0
sum-,1,0,0,0
edition,1,0,0,0
addison-wesley,1,0,0,0
menlo,1,0,0,0
edp,1,0,0,0
sep-,1,0,0,0
tember,1,0,0,0
harris,1,0,0,0
acm,6,0,0,0
1978,3,0,0,0
hendrix,1,0,0,0
sacerdoti,1,0,0,0
sagalowicz,1,0,0,0
slocum,1,0,0,0
sri,1,0,0,0
78-305,1,0,0,0
rhone76\],1,0,0,0
wwmccs,2,0,0,0
guide,1,0,0,0
de97,1,0,0,0
ray,1,0,0,0
\[kell71\],1,0,0,0
kellogg,1,0,0,0
billet,1,0,0,0
fogt,1,0,0,0
plans,1,0,0,0
szmposium,1,0,0,0
ntormation,1,0,0,0
etrleval-,1,0,0,0
1971,1,0,0,0
mylopoulos,1,0,0,0
8org,1,0,0,0
ida,1,0,0,0
cohen,1,0,0,0
roussopoulos,1,0,0,0
tsotsos,1,0,0,0
wong,1,0,0,0
towards,1,0,0,0
bridging,1,0,0,0
bases,1,0,0,0
pergamon,1,0,0,0
49-64,1,0,0,0
olney,1,0,0,0
enabling,1,0,0,0
sp-3996,1,0,0,0
operating,1,0,0,0
logicon/osi,1,0,0,0
divi-,1,0,0,0
16,1,0,0,0
osi,1,0,0,0
r79-026,1,0,0,0
1979,3,0,0,0
scha,1,0,0,0
question-answering,1,0,0,0
sigart,2,0,0,0
newsletter,2,0,0,0
puting,1,0,0,0
machinery,3,0,0,0
comm,1,0,0,0
53-70,1,0,0,0
stonebraker,1,0,0,0
electronics,1,0,0,0
laboratory,1,0,0,0
berke-,1,0,0,0
memorandum,1,0,0,0
erl-m577,1,0,0,0
27,1,0,0,0
\[temp79\],1,0,0,0
flexible,1,0,0,0
frontend,1,0,0,0
hof,1,0,0,0
e--as--,1,0,0,0
cl,1,0,0,0
tot,1,0,0,0
rn,2,0,0,0
stics,1,0,0,0
\[temp80\],1,0,0,0
pathwazs,1,0,0,0
washington,1,0,0,0
dyc,1,0,0,0
ah,1,0,0,0
thompson,1,0,0,0
lock-,1,0,0,0
emann,1,0,0,0
dostert,1,0,0,0
deverill,1,0,0,0
extensible,1,0,0,0
24th,1,0,0,0
ociation--,1,0,0,0
1969,1,0,0,0
399-417,1,0,0,0
associa-,1,0,0,0
communications,1,0,0,0
21,1,0,0,0
526-539,1,0,0,0
woods,1,0,0,0
kaplan,1,0,0,0
nash-webber,1,0,0,0
lan,1,0,0,0
ua,1,0,0,0
e-,1,0,0,0
rnformation,1,0,0,0
bolt,1,0,0,0
beranek,1,0,0,0
newman,1,0,0,0
